

alter table yy_device drop index barcode;  


alter table yy_device add UNIQUE index idx_uni_barcode(barcode)


INSERT INTO `yy_enumdata` (`uuid`, `status`, `description`, `groupcode`, `groupname`, `modulecode`, `sys`, `creator`, `modifier`, `create_time`, `modify_time`, `creatorname`, `modifiername`, `createtime`, `modifytime`, `ts`) VALUES ('8952ca98-2b23-4c85-a318-6002251bbe6b', '1', '', 'WorkingProcedure', '工序', 'sys', '\0', '5bd60c1d-ffb3-46de-84ae-9d996d007e9f', NULL, NULL, NULL, '超级系统管理员', NULL, '2019-06-12 20:59:20', NULL, '2019-06-12 20:59:20');
INSERT INTO `yy_enumdata` (`uuid`, `status`, `description`, `groupcode`, `groupname`, `modulecode`, `sys`, `creator`, `modifier`, `create_time`, `modify_time`, `creatorname`, `modifiername`, `createtime`, `modifytime`, `ts`) VALUES ('78b2e2aa-7f35-43e5-9b51-fec512f42af7', '1', '', 'MaterialClass', '物料分类', 'sys', '\0', '5bd60c1d-ffb3-46de-84ae-9d996d007e9f', NULL, NULL, NULL, '超级系统管理员', NULL, '2019-06-12 20:57:24', NULL, '2019-06-12 20:57:24');
INSERT INTO `yy_enumdata_sub` (`uuid`, `status`, `description`, `enumdatakey`, `enumdataname`, `icon`, `isdefault`, `showorder`, `enumdataid`, `creator`, `modifier`, `create_time`, `modify_time`, `creatorname`, `modifiername`, `createtime`, `modifytime`, `ts`) VALUES ('45c32e9d-37e7-499a-9a5c-c389571cddd8', '1', NULL, '10', '焊接', NULL, '\0', NULL, '8952ca98-2b23-4c85-a318-6002251bbe6b', '5bd60c1d-ffb3-46de-84ae-9d996d007e9f', NULL, NULL, NULL, '超级系统管理员', NULL, '2019-06-12 20:59:20', NULL, '2019-06-12 20:59:20');
INSERT INTO `yy_enumdata_sub` (`uuid`, `status`, `description`, `enumdatakey`, `enumdataname`, `icon`, `isdefault`, `showorder`, `enumdataid`, `creator`, `modifier`, `create_time`, `modify_time`, `creatorname`, `modifiername`, `createtime`, `modifytime`, `ts`) VALUES ('ee2cd57d-8b19-4d92-b5a9-4e9c40431d45', '1', NULL, '30', '完工', NULL, '\0', NULL, '8952ca98-2b23-4c85-a318-6002251bbe6b', '5bd60c1d-ffb3-46de-84ae-9d996d007e9f', NULL, NULL, NULL, '超级系统管理员', NULL, '2019-06-12 20:59:20', NULL, '2019-06-12 20:59:20');
INSERT INTO `yy_enumdata_sub` (`uuid`, `status`, `description`, `enumdatakey`, `enumdataname`, `icon`, `isdefault`, `showorder`, `enumdataid`, `creator`, `modifier`, `create_time`, `modify_time`, `creatorname`, `modifiername`, `createtime`, `modifytime`, `ts`) VALUES ('f39382f2-174b-49de-9640-e97d510d5467', '1', NULL, '20', '装修', NULL, '\0', NULL, '8952ca98-2b23-4c85-a318-6002251bbe6b', '5bd60c1d-ffb3-46de-84ae-9d996d007e9f', NULL, NULL, NULL, '超级系统管理员', NULL, '2019-06-12 20:59:20', NULL, '2019-06-12 20:59:20');
INSERT INTO `yy_enumdata_sub` (`uuid`, `status`, `description`, `enumdatakey`, `enumdataname`, `icon`, `isdefault`, `showorder`, `enumdataid`, `creator`, `modifier`, `create_time`, `modify_time`, `creatorname`, `modifiername`, `createtime`, `modifytime`, `ts`) VALUES ('18c7c716-fbde-4f69-a6c5-20f35a767777', '1', NULL, '10', '五金配件', NULL, '\0', '1', '78b2e2aa-7f35-43e5-9b51-fec512f42af7', '5bd60c1d-ffb3-46de-84ae-9d996d007e9f', NULL, NULL, NULL, '超级系统管理员', NULL, '2019-06-12 20:57:24', NULL, '2019-06-12 20:57:24');
INSERT INTO `yy_enumdata_sub` (`uuid`, `status`, `description`, `enumdatakey`, `enumdataname`, `icon`, `isdefault`, `showorder`, `enumdataid`, `creator`, `modifier`, `create_time`, `modify_time`, `creatorname`, `modifiername`, `createtime`, `modifytime`, `ts`) VALUES ('291787c9-0a9c-4cc5-95e5-96d6ad21aaca', '1', NULL, '40', '给排水', NULL, '\0', '4', '78b2e2aa-7f35-43e5-9b51-fec512f42af7', '5bd60c1d-ffb3-46de-84ae-9d996d007e9f', NULL, NULL, NULL, '超级系统管理员', NULL, '2019-06-12 20:57:24', NULL, '2019-06-12 20:57:24');
INSERT INTO `yy_enumdata_sub` (`uuid`, `status`, `description`, `enumdatakey`, `enumdataname`, `icon`, `isdefault`, `showorder`, `enumdataid`, `creator`, `modifier`, `create_time`, `modify_time`, `creatorname`, `modifiername`, `createtime`, `modifytime`, `ts`) VALUES ('29e8e4ef-f908-4f7d-9155-9283036e75e5', '1', NULL, '20', 'MAS拉取物料', NULL, '\0', '2', '78b2e2aa-7f35-43e5-9b51-fec512f42af7', '5bd60c1d-ffb3-46de-84ae-9d996d007e9f', NULL, NULL, NULL, '超级系统管理员', NULL, '2019-06-12 20:57:24', NULL, '2019-06-12 20:57:24');
INSERT INTO `yy_enumdata_sub` (`uuid`, `status`, `description`, `enumdatakey`, `enumdataname`, `icon`, `isdefault`, `showorder`, `enumdataid`, `creator`, `modifier`, `create_time`, `modify_time`, `creatorname`, `modifiername`, `createtime`, `modifytime`, `ts`) VALUES ('cc1848d4-5742-4649-86ff-3b8cf9cde062', '1', NULL, '50', '化工类', NULL, '\0', '5', '78b2e2aa-7f35-43e5-9b51-fec512f42af7', '5bd60c1d-ffb3-46de-84ae-9d996d007e9f', NULL, NULL, NULL, '超级系统管理员', NULL, '2019-06-12 20:57:24', NULL, '2019-06-12 20:57:24');
INSERT INTO `yy_enumdata_sub` (`uuid`, `status`, `description`, `enumdatakey`, `enumdataname`, `icon`, `isdefault`, `showorder`, `enumdataid`, `creator`, `modifier`, `create_time`, `modify_time`, `creatorname`, `modifiername`, `createtime`, `modifytime`, `ts`) VALUES ('fc0974b4-65f2-4779-9760-13a46ed5bf1d', '1', NULL, '30', '隔热保温', NULL, '\0', '3', '78b2e2aa-7f35-43e5-9b51-fec512f42af7', '5bd60c1d-ffb3-46de-84ae-9d996d007e9f', NULL, NULL, NULL, '超级系统管理员', NULL, '2019-06-12 20:57:24', NULL, '2019-06-12 20:57:24');



INSERT INTO `yy_func` (`uuid`, `status`, `create_ts`, `creator`, `modifier`, `modify_ts`, `nodepath`, `auth_type`, `description`, `fun_css`, `func_code`, `func_name`, `func_type`, `func_url`, `help_code`, `hint`, `iconcls`, `islast`, `parentid`, `permission_code`, `showorder`, `sys`, `create_time`, `modify_time`, `createtime`, `creatorname`, `modifiername`, `modifytime`, `usestatus`, `ts`) VALUES ('5fd9072a-7c2a-47e5-a808-176708e0de5d', '1', NULL, '5bd60c1d-ffb3-46de-84ae-9d996d007e9f', NULL, NULL, 'root,79f79877-5599-4b52-9e3c-e22307630fb8,5fd9072a-7c2a-47e5-a808-176708e0de5d', NULL, '', NULL, '5080', '设备列表', 'func', '@ctx@/info/device/list', NULL, NULL, '', '', '79f79877-5599-4b52-9e3c-e22307630fb8', NULL, NULL, '\0', NULL, NULL, '2019-06-13 20:54:29', '超级系统管理员', NULL, NULL, '1', '2019-06-13 20:54:29');
INSERT INTO `yy_role_func` (`uuid`, `status`, `func_id`, `role_id`, `create_time`, `creator`, `modifier`, `modify_time`, `createtime`, `creatorname`, `modifiername`, `modifytime`, `ts`) VALUES ('6b91aefb-6f37-473f-93f9-9069cc809f91', '1', '5fd9072a-7c2a-47e5-a808-176708e0de5d', 'ae39aea9-d683-4850-b557-e6d6c406201f', NULL, '5bd60c1d-ffb3-46de-84ae-9d996d007e9f', NULL, NULL, '2019-06-13 20:55:22', '超级系统管理员', NULL, NULL, '2019-06-13 20:55:22');
INSERT INTO `yy_func` (`uuid`, `status`, `create_ts`, `creator`, `modifier`, `modify_ts`, `nodepath`, `auth_type`, `description`, `fun_css`, `func_code`, `func_name`, `func_type`, `func_url`, `help_code`, `hint`, `iconcls`, `islast`, `parentid`, `permission_code`, `showorder`, `sys`, `create_time`, `modify_time`, `createtime`, `creatorname`, `modifiername`, `modifytime`, `usestatus`, `ts`) VALUES ('6cab15bb-cbc5-49ea-963a-1b5e007fde9a', '1', NULL, '5bd60c1d-ffb3-46de-84ae-9d996d007e9f', NULL, NULL, 'root,4fe2a33b-85d2-43bc-9fae-f7d8c87dcfd6,ddb7a5f2-2591-4450-96a7-84673a1ddf5e,6cab15bb-cbc5-49ea-963a-1b5e007fde9a', NULL, '', NULL, '901098', '映射表', 'func', '@ctx@/info/mappingTable', NULL, NULL, '', '', 'ddb7a5f2-2591-4450-96a7-84673a1ddf5e', NULL, NULL, '\0', NULL, NULL, '2019-06-13 21:01:56', '超级系统管理员', NULL, NULL, '1', '2019-06-13 21:01:56');
INSERT INTO `yy_role_func` (`uuid`, `status`, `func_id`, `role_id`, `create_time`, `creator`, `modifier`, `modify_time`, `createtime`, `creatorname`, `modifiername`, `modifytime`, `ts`) VALUES ('5759e4b8-16e9-47bd-9003-996b63d979ee', '1', '6cab15bb-cbc5-49ea-963a-1b5e007fde9a', 'ae39aea9-d683-4850-b557-e6d6c406201f', NULL, '5bd60c1d-ffb3-46de-84ae-9d996d007e9f', NULL, NULL, '2019-06-13 21:02:12', '超级系统管理员', NULL, NULL, '2019-06-13 21:02:12');

INSERT INTO `yy_func` (`uuid`, `status`, `create_ts`, `creator`, `modifier`, `modify_ts`, `nodepath`, `auth_type`, `description`, `fun_css`, `func_code`, `func_name`, `func_type`, `func_url`, `help_code`, `hint`, `iconcls`, `islast`, `parentid`, `permission_code`, `showorder`, `sys`, `create_time`, `modify_time`, `createtime`, `creatorname`, `modifiername`, `modifytime`, `usestatus`, `ts`) VALUES ('8a3a89e4-e310-4a95-98d4-bbef6692f162', '1', NULL, '5bd60c1d-ffb3-46de-84ae-9d996d007e9f', NULL, NULL, 'root,4fe2a33b-85d2-43bc-9fae-f7d8c87dcfd6,ddb7a5f2-2591-4450-96a7-84673a1ddf5e,8a3a89e4-e310-4a95-98d4-bbef6692f162', NULL, '', NULL, '901099', '推送消息', 'func', '@ctx@/sys/ws/list', NULL, NULL, '', '', 'ddb7a5f2-2591-4450-96a7-84673a1ddf5e', NULL, NULL, '\0', NULL, NULL, '2019-06-14 21:45:12', '超级系统管理员', NULL, NULL, '1', '2019-06-14 21:45:12');
INSERT INTO `yy_role_func` (`uuid`, `status`, `func_id`, `role_id`, `create_time`, `creator`, `modifier`, `modify_time`, `createtime`, `creatorname`, `modifiername`, `modifytime`, `ts`) VALUES ('a3556770-1fd2-470f-adf2-aa72c7132a91', '1', '8a3a89e4-e310-4a95-98d4-bbef6692f162', 'ae39aea9-d683-4850-b557-e6d6c406201f', NULL, '5bd60c1d-ffb3-46de-84ae-9d996d007e9f', NULL, NULL, '2019-06-14 21:45:30', '超级系统管理员', NULL, NULL, '2019-06-14 21:45:30');





INSERT INTO `yy_enumdata` (`uuid`, `status`, `description`, `groupcode`, `groupname`, `modulecode`, `sys`, `creator`, `modifier`, `create_time`, `modify_time`, `creatorname`, `modifiername`, `createtime`, `modifytime`, `ts`) VALUES ('590ab276-11b1-4c9b-953d-6b17774c48f8', '1', '', 'MaterialUnit', '物料单位', 'sys', '\0', '5bd60c1d-ffb3-46de-84ae-9d996d007e9f', NULL, NULL, NULL, '超级系统管理员', NULL, '2019-06-18 08:38:25', NULL, '2019-06-18 08:38:25');
INSERT INTO `yy_enumdata_sub` (`uuid`, `status`, `description`, `enumdatakey`, `enumdataname`, `icon`, `isdefault`, `showorder`, `enumdataid`, `creator`, `modifier`, `create_time`, `modify_time`, `creatorname`, `modifiername`, `createtime`, `modifytime`, `ts`) VALUES ('0093cca2-a6e9-4db9-892b-25610cdace47', '1', NULL, 'M', 'M', NULL, '\0', NULL, '590ab276-11b1-4c9b-953d-6b17774c48f8', '5bd60c1d-ffb3-46de-84ae-9d996d007e9f', NULL, NULL, NULL, '超级系统管理员', NULL, '2019-06-18 08:38:25', NULL, '2019-06-18 08:38:25');
INSERT INTO `yy_enumdata_sub` (`uuid`, `status`, `description`, `enumdatakey`, `enumdataname`, `icon`, `isdefault`, `showorder`, `enumdataid`, `creator`, `modifier`, `create_time`, `modify_time`, `creatorname`, `modifiername`, `createtime`, `modifytime`, `ts`) VALUES ('5128de0e-3bdd-4a23-b520-2a3dcf6c9422', '1', NULL, 'L', 'L', NULL, '\0', NULL, '590ab276-11b1-4c9b-953d-6b17774c48f8', '5bd60c1d-ffb3-46de-84ae-9d996d007e9f', NULL, NULL, NULL, '超级系统管理员', NULL, '2019-06-18 08:38:25', NULL, '2019-06-18 08:38:25');






CREATE TABLE `yy_job_log` (
  `uuid` varchar(36) NOT NULL,
  `create_time` datetime DEFAULT NULL,
  `createtime` datetime DEFAULT NULL,
  `creator` varchar(36) DEFAULT NULL,
  `creatorname` varchar(200) DEFAULT NULL,
  `modifier` varchar(36) DEFAULT NULL,
  `modifiername` varchar(200) DEFAULT NULL,
  `modify_time` datetime DEFAULT NULL,
  `modifytime` datetime DEFAULT NULL,
  `status` int(11) NOT NULL,
  `ts` datetime DEFAULT NULL,
  `begintime` datetime DEFAULT NULL,
  `costtime` varchar(255) DEFAULT NULL,
  `endtime` datetime DEFAULT NULL,
  `jobid` varchar(255) DEFAULT NULL,
  `jobname` varchar(255) DEFAULT NULL,
  `jobstatus` varchar(255) DEFAULT NULL,
  PRIMARY KEY (`uuid`)
) ENGINE=InnoDB DEFAULT CHARSET=utf8

INSERT INTO `yy_enumdata` (`uuid`, `status`, `description`, `groupcode`, `groupname`, `modulecode`, `sys`, `creator`, `modifier`, `create_time`, `modify_time`, `creatorname`, `modifiername`, `createtime`, `modifytime`, `ts`) VALUES ('17f94fec-b923-486f-88e6-9813e082ccab', '1', '', 'cronExpression', '定时器表达式', 'sys', '\0', '5bd60c1d-ffb3-46de-84ae-9d996d007e9f', NULL, NULL, NULL, '超级系统管理员', NULL, '2019-07-08 14:30:21', NULL, '2019-07-08 14:30:21');
INSERT INTO `yy_enumdata` (`uuid`, `status`, `description`, `groupcode`, `groupname`, `modulecode`, `sys`, `creator`, `modifier`, `create_time`, `modify_time`, `creatorname`, `modifiername`, `createtime`, `modifytime`, `ts`) VALUES ('d9a752a8-a29a-4948-998e-57f90b504325', '1', '', 'jobGroup', '定时任务分组', 'sys', '\0', '5bd60c1d-ffb3-46de-84ae-9d996d007e9f', NULL, NULL, NULL, '超级系统管理员', NULL, '2019-07-08 14:25:36', NULL, '2019-07-08 14:25:36');
INSERT INTO `yy_enumdata_sub` (`uuid`, `status`, `description`, `enumdatakey`, `enumdataname`, `icon`, `isdefault`, `showorder`, `enumdataid`, `creator`, `modifier`, `create_time`, `modify_time`, `creatorname`, `modifiername`, `createtime`, `modifytime`, `ts`) VALUES ('2bff6fdc-548e-4946-a2a1-4902e439994e', '1', NULL, 'day', '每天', NULL, '\0', '5', '17f94fec-b923-486f-88e6-9813e082ccab', '5bd60c1d-ffb3-46de-84ae-9d996d007e9f', NULL, NULL, NULL, '超级系统管理员', NULL, '2019-07-08 14:30:21', NULL, '2019-07-08 14:30:21');
INSERT INTO `yy_enumdata_sub` (`uuid`, `status`, `description`, `enumdatakey`, `enumdataname`, `icon`, `isdefault`, `showorder`, `enumdataid`, `creator`, `modifier`, `create_time`, `modify_time`, `creatorname`, `modifiername`, `createtime`, `modifytime`, `ts`) VALUES ('57c35288-af99-4442-aa2a-e3662d37f0f0', '1', NULL, 'year', '每年', NULL, '\0', '2', '17f94fec-b923-486f-88e6-9813e082ccab', '5bd60c1d-ffb3-46de-84ae-9d996d007e9f', NULL, NULL, NULL, '超级系统管理员', NULL, '2019-07-08 14:30:21', NULL, '2019-07-08 14:30:21');
INSERT INTO `yy_enumdata_sub` (`uuid`, `status`, `description`, `enumdatakey`, `enumdataname`, `icon`, `isdefault`, `showorder`, `enumdataid`, `creator`, `modifier`, `create_time`, `modify_time`, `creatorname`, `modifiername`, `createtime`, `modifytime`, `ts`) VALUES ('6bb27898-12b4-40a4-b9b1-5d4d0cc749ec', '1', NULL, 'month', '每月', NULL, '\0', '3', '17f94fec-b923-486f-88e6-9813e082ccab', '5bd60c1d-ffb3-46de-84ae-9d996d007e9f', NULL, NULL, NULL, '超级系统管理员', NULL, '2019-07-08 14:30:21', NULL, '2019-07-08 14:30:21');
INSERT INTO `yy_enumdata_sub` (`uuid`, `status`, `description`, `enumdatakey`, `enumdataname`, `icon`, `isdefault`, `showorder`, `enumdataid`, `creator`, `modifier`, `create_time`, `modify_time`, `creatorname`, `modifiername`, `createtime`, `modifytime`, `ts`) VALUES ('71e7fac7-5c79-4b34-8152-4fad4050fb54', '1', NULL, 'hour', '每小时', NULL, '\0', '6', '17f94fec-b923-486f-88e6-9813e082ccab', '5bd60c1d-ffb3-46de-84ae-9d996d007e9f', NULL, NULL, NULL, '超级系统管理员', NULL, '2019-07-08 14:30:21', NULL, '2019-07-08 14:30:21');
INSERT INTO `yy_enumdata_sub` (`uuid`, `status`, `description`, `enumdatakey`, `enumdataname`, `icon`, `isdefault`, `showorder`, `enumdataid`, `creator`, `modifier`, `create_time`, `modify_time`, `creatorname`, `modifiername`, `createtime`, `modifytime`, `ts`) VALUES ('a3378619-42f5-4214-bb4f-efd72b8b0fce', '1', NULL, 'once', '1次', NULL, '\0', '8', '17f94fec-b923-486f-88e6-9813e082ccab', '5bd60c1d-ffb3-46de-84ae-9d996d007e9f', NULL, NULL, NULL, '超级系统管理员', NULL, '2019-07-08 14:30:21', NULL, '2019-07-08 14:30:21');
INSERT INTO `yy_enumdata_sub` (`uuid`, `status`, `description`, `enumdatakey`, `enumdataname`, `icon`, `isdefault`, `showorder`, `enumdataid`, `creator`, `modifier`, `create_time`, `modify_time`, `creatorname`, `modifiername`, `createtime`, `modifytime`, `ts`) VALUES ('a5fcefc4-fb0c-4a13-94ac-94e130d99c15', '1', NULL, 'week', '每周', NULL, '\0', '4', '17f94fec-b923-486f-88e6-9813e082ccab', '5bd60c1d-ffb3-46de-84ae-9d996d007e9f', NULL, NULL, NULL, '超级系统管理员', NULL, '2019-07-08 14:30:21', NULL, '2019-07-08 14:30:21');
INSERT INTO `yy_enumdata_sub` (`uuid`, `status`, `description`, `enumdatakey`, `enumdataname`, `icon`, `isdefault`, `showorder`, `enumdataid`, `creator`, `modifier`, `create_time`, `modify_time`, `creatorname`, `modifiername`, `createtime`, `modifytime`, `ts`) VALUES ('d7a547a2-70e2-4bbe-9204-b717cea7daa7', '1', NULL, 'custom', '自定义', NULL, '\0', '1', '17f94fec-b923-486f-88e6-9813e082ccab', '5bd60c1d-ffb3-46de-84ae-9d996d007e9f', NULL, NULL, NULL, '超级系统管理员', NULL, '2019-07-08 14:30:21', NULL, '2019-07-08 14:30:21');
INSERT INTO `yy_enumdata_sub` (`uuid`, `status`, `description`, `enumdatakey`, `enumdataname`, `icon`, `isdefault`, `showorder`, `enumdataid`, `creator`, `modifier`, `create_time`, `modify_time`, `creatorname`, `modifiername`, `createtime`, `modifytime`, `ts`) VALUES ('df8c61ec-3353-4f18-973b-9987959d7067', '1', NULL, 'minute', '每分钟', NULL, '\0', '7', '17f94fec-b923-486f-88e6-9813e082ccab', '5bd60c1d-ffb3-46de-84ae-9d996d007e9f', NULL, NULL, NULL, '超级系统管理员', NULL, '2019-07-08 14:30:21', NULL, '2019-07-08 14:30:21');
INSERT INTO `yy_enumdata_sub` (`uuid`, `status`, `description`, `enumdatakey`, `enumdataname`, `icon`, `isdefault`, `showorder`, `enumdataid`, `creator`, `modifier`, `create_time`, `modify_time`, `creatorname`, `modifiername`, `createtime`, `modifytime`, `ts`) VALUES ('2f0bf54c-4c7b-47fe-8cfe-ea30f0606b80', '1', NULL, '01', '系统', NULL, '\0', NULL, 'd9a752a8-a29a-4948-998e-57f90b504325', '5bd60c1d-ffb3-46de-84ae-9d996d007e9f', NULL, NULL, NULL, '超级系统管理员', NULL, '2019-07-08 14:25:36', NULL, '2019-07-08 14:25:36');
INSERT INTO `yy_enumdata_sub` (`uuid`, `status`, `description`, `enumdatakey`, `enumdataname`, `icon`, `isdefault`, `showorder`, `enumdataid`, `creator`, `modifier`, `create_time`, `modify_time`, `creatorname`, `modifiername`, `createtime`, `modifytime`, `ts`) VALUES ('b7d69cd5-e66a-4b98-af44-6da38042d12f', '1', NULL, '02', '业务', NULL, '\0', NULL, 'd9a752a8-a29a-4948-998e-57f90b504325', '5bd60c1d-ffb3-46de-84ae-9d996d007e9f', NULL, NULL, NULL, '超级系统管理员', NULL, '2019-07-08 14:25:36', NULL, '2019-07-08 14:25:36');




INSERT INTO `yy_imexlate` (`uuid`, `create_time`, `createtime`, `creator`, `creatorname`, `modifier`, `modifiername`, `modify_time`, `modifytime`, `status`, `child_start_cell_num`, `coding`, `export_file_name`, `start_cell_num`, `start_row_num`, `template_name`, `ts`, `iscreate`) VALUES ('3d3fd43e-73e6-4e60-a701-8d8fb710c976', NULL, '2019-07-11 15:46:30', '5bd60c1d-ffb3-46de-84ae-9d996d007e9f', '超级系统管理员', NULL, NULL, NULL, NULL, '1', NULL, 'supplierExport', '厂商信息', NULL, NULL, '厂商信息', '2019-07-11 15:46:30', '1');
INSERT INTO `yy_imexlate` (`uuid`, `create_time`, `createtime`, `creator`, `creatorname`, `modifier`, `modifiername`, `modify_time`, `modifytime`, `status`, `child_start_cell_num`, `coding`, `export_file_name`, `start_cell_num`, `start_row_num`, `template_name`, `ts`, `iscreate`) VALUES ('dbef6e19-0863-439a-bb91-8bf28a1c7900', NULL, '2019-07-11 15:43:51', '5bd60c1d-ffb3-46de-84ae-9d996d007e9f', '超级系统管理员', NULL, NULL, NULL, NULL, '1', NULL, 'supplierImport', '厂商导入', NULL, NULL, '厂商导入', '2019-07-11 15:43:51', '1');

INSERT INTO `yy_imexlate_sub` (`uuid`, `create_time`, `createtime`, `creator`, `creatorname`, `modifier`, `modifiername`, `modify_time`, `modifytime`, `status`, `chinese_field`, `export_cell_num`, `field_name`, `is_main_field`, `template_id`, `ts`, `enumdata`, `isnotempty`, `qualified_value`, `datatype`, `column_width`) VALUES ('f7297925-ad69-4ef6-bfbd-d51c85eb38a0', NULL, '2019-07-11 15:47:20', '5bd60c1d-ffb3-46de-84ae-9d996d007e9f', '超级系统管理员', NULL, NULL, NULL, NULL, '1', '备注', 'G', 'memo', '\0', 'dbef6e19-0863-439a-bb91-8bf28a1c7900', '2019-07-11 15:47:20', NULL, '\0', NULL, NULL, NULL);
INSERT INTO `yy_imexlate_sub` (`uuid`, `create_time`, `createtime`, `creator`, `creatorname`, `modifier`, `modifiername`, `modify_time`, `modifytime`, `status`, `chinese_field`, `export_cell_num`, `field_name`, `is_main_field`, `template_id`, `ts`, `enumdata`, `isnotempty`, `qualified_value`, `datatype`, `column_width`) VALUES ('10255ca3-ab32-44a8-9e20-5959a0f9f5ed', NULL, '2019-07-11 15:46:30', '5bd60c1d-ffb3-46de-84ae-9d996d007e9f', '超级系统管理员', NULL, NULL, NULL, NULL, '1', '备注', 'G', 'memo', '\0', '3d3fd43e-73e6-4e60-a701-8d8fb710c976', '2019-07-11 15:46:30', NULL, '\0', NULL, NULL, NULL);
INSERT INTO `yy_imexlate_sub` (`uuid`, `create_time`, `createtime`, `creator`, `creatorname`, `modifier`, `modifiername`, `modify_time`, `modifytime`, `status`, `chinese_field`, `export_cell_num`, `field_name`, `is_main_field`, `template_id`, `ts`, `enumdata`, `isnotempty`, `qualified_value`, `datatype`, `column_width`) VALUES ('5a18d87c-35f9-438f-a73b-3a92f74255fd', NULL, '2019-07-11 15:46:30', '5bd60c1d-ffb3-46de-84ae-9d996d007e9f', '超级系统管理员', NULL, NULL, NULL, NULL, '1', '联系人', 'C', 'contacts', '\0', '3d3fd43e-73e6-4e60-a701-8d8fb710c976', '2019-07-11 15:46:30', NULL, '\0', NULL, NULL, NULL);
INSERT INTO `yy_imexlate_sub` (`uuid`, `create_time`, `createtime`, `creator`, `creatorname`, `modifier`, `modifiername`, `modify_time`, `modifytime`, `status`, `chinese_field`, `export_cell_num`, `field_name`, `is_main_field`, `template_id`, `ts`, `enumdata`, `isnotempty`, `qualified_value`, `datatype`, `column_width`) VALUES ('94835b7c-d6bf-417e-9f75-f66213320543', NULL, '2019-07-11 15:46:30', '5bd60c1d-ffb3-46de-84ae-9d996d007e9f', '超级系统管理员', NULL, NULL, NULL, NULL, '1', '邮箱', 'E', 'email', '\0', '3d3fd43e-73e6-4e60-a701-8d8fb710c976', '2019-07-11 15:46:30', NULL, '\0', NULL, NULL, NULL);
INSERT INTO `yy_imexlate_sub` (`uuid`, `create_time`, `createtime`, `creator`, `creatorname`, `modifier`, `modifiername`, `modify_time`, `modifytime`, `status`, `chinese_field`, `export_cell_num`, `field_name`, `is_main_field`, `template_id`, `ts`, `enumdata`, `isnotempty`, `qualified_value`, `datatype`, `column_width`) VALUES ('9cc6560d-6eec-4cb9-804e-30846dad41b9', NULL, '2019-07-11 15:46:30', '5bd60c1d-ffb3-46de-84ae-9d996d007e9f', '超级系统管理员', NULL, NULL, NULL, NULL, '1', '供应商名称', 'B', 'name', '\0', '3d3fd43e-73e6-4e60-a701-8d8fb710c976', '2019-07-11 15:46:30', NULL, '\0', NULL, NULL, NULL);
INSERT INTO `yy_imexlate_sub` (`uuid`, `create_time`, `createtime`, `creator`, `creatorname`, `modifier`, `modifiername`, `modify_time`, `modifytime`, `status`, `chinese_field`, `export_cell_num`, `field_name`, `is_main_field`, `template_id`, `ts`, `enumdata`, `isnotempty`, `qualified_value`, `datatype`, `column_width`) VALUES ('a286208a-fa09-418c-bdf6-6a589a46af8d', NULL, '2019-07-11 15:46:30', '5bd60c1d-ffb3-46de-84ae-9d996d007e9f', '超级系统管理员', NULL, NULL, NULL, NULL, '1', '地址', 'F', 'address', '\0', '3d3fd43e-73e6-4e60-a701-8d8fb710c976', '2019-07-11 15:46:30', NULL, '\0', NULL, NULL, NULL);
INSERT INTO `yy_imexlate_sub` (`uuid`, `create_time`, `createtime`, `creator`, `creatorname`, `modifier`, `modifiername`, `modify_time`, `modifytime`, `status`, `chinese_field`, `export_cell_num`, `field_name`, `is_main_field`, `template_id`, `ts`, `enumdata`, `isnotempty`, `qualified_value`, `datatype`, `column_width`) VALUES ('ee76ee6c-b16a-46d8-9f3d-1cfe767fffff', NULL, '2019-07-11 15:46:30', '5bd60c1d-ffb3-46de-84ae-9d996d007e9f', '超级系统管理员', NULL, NULL, NULL, NULL, '1', '供应商编码', 'A', 'code', '\0', '3d3fd43e-73e6-4e60-a701-8d8fb710c976', '2019-07-11 15:46:30', NULL, '\0', NULL, NULL, NULL);
INSERT INTO `yy_imexlate_sub` (`uuid`, `create_time`, `createtime`, `creator`, `creatorname`, `modifier`, `modifiername`, `modify_time`, `modifytime`, `status`, `chinese_field`, `export_cell_num`, `field_name`, `is_main_field`, `template_id`, `ts`, `enumdata`, `isnotempty`, `qualified_value`, `datatype`, `column_width`) VALUES ('fe837122-baca-4f1d-be3e-77e4523c23ca', NULL, '2019-07-11 15:46:30', '5bd60c1d-ffb3-46de-84ae-9d996d007e9f', '超级系统管理员', NULL, NULL, NULL, NULL, '1', '联系电话', 'D', 'phone', '\0', '3d3fd43e-73e6-4e60-a701-8d8fb710c976', '2019-07-11 15:46:30', NULL, '\0', NULL, NULL, NULL);
INSERT INTO `yy_imexlate_sub` (`uuid`, `create_time`, `createtime`, `creator`, `creatorname`, `modifier`, `modifiername`, `modify_time`, `modifytime`, `status`, `chinese_field`, `export_cell_num`, `field_name`, `is_main_field`, `template_id`, `ts`, `enumdata`, `isnotempty`, `qualified_value`, `datatype`, `column_width`) VALUES ('89bd1515-d1fa-44e8-82b8-afc60d0b21a6', NULL, '2019-07-11 15:43:51', '5bd60c1d-ffb3-46de-84ae-9d996d007e9f', '超级系统管理员', NULL, NULL, NULL, NULL, '1', '供应商名称', 'B', 'name', '\0', 'dbef6e19-0863-439a-bb91-8bf28a1c7900', '2019-07-11 15:43:51', NULL, '\0', NULL, NULL, NULL);
INSERT INTO `yy_imexlate_sub` (`uuid`, `create_time`, `createtime`, `creator`, `creatorname`, `modifier`, `modifiername`, `modify_time`, `modifytime`, `status`, `chinese_field`, `export_cell_num`, `field_name`, `is_main_field`, `template_id`, `ts`, `enumdata`, `isnotempty`, `qualified_value`, `datatype`, `column_width`) VALUES ('9fd12fc4-a08c-4abb-9328-9ad8e48eb7c4', NULL, '2019-07-11 15:43:51', '5bd60c1d-ffb3-46de-84ae-9d996d007e9f', '超级系统管理员', NULL, NULL, NULL, NULL, '1', '供应商编码', 'A', 'code', '\0', 'dbef6e19-0863-439a-bb91-8bf28a1c7900', '2019-07-11 15:43:51', NULL, '\0', NULL, NULL, NULL);
INSERT INTO `yy_imexlate_sub` (`uuid`, `create_time`, `createtime`, `creator`, `creatorname`, `modifier`, `modifiername`, `modify_time`, `modifytime`, `status`, `chinese_field`, `export_cell_num`, `field_name`, `is_main_field`, `template_id`, `ts`, `enumdata`, `isnotempty`, `qualified_value`, `datatype`, `column_width`) VALUES ('af65f1a6-063f-4338-a0c4-be36f11afe70', NULL, '2019-07-11 15:43:51', '5bd60c1d-ffb3-46de-84ae-9d996d007e9f', '超级系统管理员', NULL, NULL, NULL, NULL, '1', '联系电话', 'D', 'phone', '\0', 'dbef6e19-0863-439a-bb91-8bf28a1c7900', '2019-07-11 15:43:51', NULL, '\0', NULL, NULL, NULL);
INSERT INTO `yy_imexlate_sub` (`uuid`, `create_time`, `createtime`, `creator`, `creatorname`, `modifier`, `modifiername`, `modify_time`, `modifytime`, `status`, `chinese_field`, `export_cell_num`, `field_name`, `is_main_field`, `template_id`, `ts`, `enumdata`, `isnotempty`, `qualified_value`, `datatype`, `column_width`) VALUES ('e33bd0d3-48ea-4c96-aac9-96955be17f00', NULL, '2019-07-11 15:43:51', '5bd60c1d-ffb3-46de-84ae-9d996d007e9f', '超级系统管理员', NULL, NULL, NULL, NULL, '1', '联系人', 'C', 'contacts', '\0', 'dbef6e19-0863-439a-bb91-8bf28a1c7900', '2019-07-11 15:43:51', NULL, '\0', NULL, NULL, NULL);
INSERT INTO `yy_imexlate_sub` (`uuid`, `create_time`, `createtime`, `creator`, `creatorname`, `modifier`, `modifiername`, `modify_time`, `modifytime`, `status`, `chinese_field`, `export_cell_num`, `field_name`, `is_main_field`, `template_id`, `ts`, `enumdata`, `isnotempty`, `qualified_value`, `datatype`, `column_width`) VALUES ('ef89a99d-4e8e-4a80-bcba-e4625c73b755', NULL, '2019-07-11 15:43:51', '5bd60c1d-ffb3-46de-84ae-9d996d007e9f', '超级系统管理员', NULL, NULL, NULL, NULL, '1', '邮箱', 'E', 'email', '\0', 'dbef6e19-0863-439a-bb91-8bf28a1c7900', '2019-07-11 15:43:51', NULL, '\0', NULL, NULL, NULL);
INSERT INTO `yy_imexlate_sub` (`uuid`, `create_time`, `createtime`, `creator`, `creatorname`, `modifier`, `modifiername`, `modify_time`, `modifytime`, `status`, `chinese_field`, `export_cell_num`, `field_name`, `is_main_field`, `template_id`, `ts`, `enumdata`, `isnotempty`, `qualified_value`, `datatype`, `column_width`) VALUES ('f964be02-af56-4422-a697-b3dc0b116d39', NULL, NULL, NULL, NULL, NULL, NULL, NULL, NULL, '1', '地址', 'F', 'address', '\0', 'dbef6e19-0863-439a-bb91-8bf28a1c7900', '2019-07-11 15:47:20', NULL, '\0', NULL, NULL, NULL);


INSERT INTO `yy_parameter` (`uuid`, `status`, `defaultvalue`, `description`, `groudcode`, `isshow`, `paramtercode`, `paramtername`, `paramtertype`, `paramtervalue`, `showorder`, `sys`, `valuerange`, `create_time`, `creator`, `modifier`, `modify_time`, `createtime`, `creatorname`, `modifiername`, `modifytime`, `ispreset`, `ts`) VALUES ('4f5dcce3-91ef-4018-8fef-0ddddf3b2c20', '1', NULL, '', 'sys', '', 'supplierImportTemplatePath', '厂商信息导入模板', '', '/exceltemplate厂商导入.xlsx', NULL, '\0', '', NULL, '5bd60c1d-ffb3-46de-84ae-9d996d007e9f', NULL, NULL, '2019-07-11 16:07:02', '超级系统管理员', NULL, NULL, '0', '2019-07-11 16:07:02');





alter table yy_supplier add UNIQUE index idx_uni_suppliercode(code);

alter table yy_stock_info add UNIQUE index idx_uni_stockcode(code);




INSERT INTO `yy_imexlate` (`uuid`, `create_time`, `createtime`, `creator`, `creatorname`, `modifier`, `modifiername`, `modify_time`, `modifytime`, `status`, `child_start_cell_num`, `coding`, `export_file_name`, `start_cell_num`, `start_row_num`, `template_name`, `ts`, `iscreate`) VALUES ('d403d8e2-2205-41cf-b5ec-57011b10db2b', NULL, '2019-07-15 14:18:52', '5bd60c1d-ffb3-46de-84ae-9d996d007e9f', '超级系统管理员', NULL, NULL, NULL, NULL, '1', NULL, 'orderInfoImport', '订单导入模板', NULL, NULL, '订单导入模板', '2019-07-15 14:18:52', '1');
INSERT INTO `yy_imexlate_sub` (`uuid`, `create_time`, `createtime`, `creator`, `creatorname`, `modifier`, `modifiername`, `modify_time`, `modifytime`, `status`, `chinese_field`, `export_cell_num`, `field_name`, `is_main_field`, `template_id`, `ts`, `enumdata`, `isnotempty`, `qualified_value`, `datatype`, `column_width`) VALUES ('a2a5a29c-6d6e-40c7-b400-66d605c5ef4b', NULL, '2019-07-15 14:18:52', '5bd60c1d-ffb3-46de-84ae-9d996d007e9f', '超级系统管理员', NULL, NULL, NULL, NULL, '1', '备注', 'D', 'memo', '\0', 'd403d8e2-2205-41cf-b5ec-57011b10db2b', '2019-07-15 14:18:52', NULL, '\0', NULL, NULL, NULL);
INSERT INTO `yy_imexlate_sub` (`uuid`, `create_time`, `createtime`, `creator`, `creatorname`, `modifier`, `modifiername`, `modify_time`, `modifytime`, `status`, `chinese_field`, `export_cell_num`, `field_name`, `is_main_field`, `template_id`, `ts`, `enumdata`, `isnotempty`, `qualified_value`, `datatype`, `column_width`) VALUES ('c6dd9e33-a0a5-4026-a56a-879b5b49e7ba', NULL, '2019-07-15 14:18:52', '5bd60c1d-ffb3-46de-84ae-9d996d007e9f', '超级系统管理员', NULL, NULL, NULL, NULL, '1', '计划数量', 'B', 'planAmount', '\0', 'd403d8e2-2205-41cf-b5ec-57011b10db2b', '2019-07-15 14:18:52', NULL, '\0', NULL, NULL, NULL);
INSERT INTO `yy_imexlate_sub` (`uuid`, `create_time`, `createtime`, `creator`, `creatorname`, `modifier`, `modifiername`, `modify_time`, `modifytime`, `status`, `chinese_field`, `export_cell_num`, `field_name`, `is_main_field`, `template_id`, `ts`, `enumdata`, `isnotempty`, `qualified_value`, `datatype`, `column_width`) VALUES ('cd7d32de-3032-4a48-9d75-a5a296510360', NULL, '2019-07-15 14:18:52', '5bd60c1d-ffb3-46de-84ae-9d996d007e9f', '超级系统管理员', NULL, NULL, NULL, NULL, '1', '物料编码', 'A', 'materialCode', '\0', 'd403d8e2-2205-41cf-b5ec-57011b10db2b', '2019-07-15 14:18:52', NULL, '\0', NULL, NULL, NULL);
INSERT INTO `yy_imexlate_sub` (`uuid`, `create_time`, `createtime`, `creator`, `creatorname`, `modifier`, `modifiername`, `modify_time`, `modifytime`, `status`, `chinese_field`, `export_cell_num`, `field_name`, `is_main_field`, `template_id`, `ts`, `enumdata`, `isnotempty`, `qualified_value`, `datatype`, `column_width`) VALUES ('dbc6e3c0-f827-4c3f-a89d-8ba2adbd1bcb', NULL, '2019-07-15 14:18:52', '5bd60c1d-ffb3-46de-84ae-9d996d007e9f', '超级系统管理员', NULL, NULL, NULL, NULL, '1', '预警时间', 'C', 'warningTime', '\0', 'd403d8e2-2205-41cf-b5ec-57011b10db2b', '2019-07-15 14:18:52', NULL, '\0', NULL, NULL, NULL);

INSERT INTO `yy_parameter` (`uuid`, `status`, `defaultvalue`, `description`, `groudcode`, `isshow`, `paramtercode`, `paramtername`, `paramtertype`, `paramtervalue`, `showorder`, `sys`, `valuerange`, `create_time`, `creator`, `modifier`, `modify_time`, `createtime`, `creatorname`, `modifiername`, `modifytime`, `ispreset`, `ts`) VALUES ('fd375f9f-1631-4a13-a513-f355df6da959', '1', NULL, '', '01', '', 'orderinfoImpTemplate', '订单导入模板', '', '/template/订单导入模板.xlsx', NULL, '\0', '', NULL, '5bd60c1d-ffb3-46de-84ae-9d996d007e9f', NULL, NULL, '2019-07-15 14:51:07', '超级系统管理员', NULL, NULL, '0', '2019-07-15 14:51:07');
INSERT INTO `yy_parameter` (`uuid`, `status`, `defaultvalue`, `description`, `groudcode`, `isshow`, `paramtercode`, `paramtername`, `paramtertype`, `paramtervalue`, `showorder`, `sys`, `valuerange`, `create_time`, `creator`, `modifier`, `modify_time`, `createtime`, `creatorname`, `modifiername`, `modifytime`, `ispreset`, `ts`) VALUES ('847f170c-1355-4c72-b522-969abd7e7bbc', '1', NULL, '', 'sys', '', 'defaultStockName', '默认仓库名称', '', '良品仓', NULL, '\0', '', NULL, '5bd60c1d-ffb3-46de-84ae-9d996d007e9f', NULL, NULL, '2019-07-15 21:37:56', '超级系统管理员', NULL, NULL, '0', '2019-07-15 21:37:56');


CREATE TABLE `yy_documents` (
  `uuid` varchar(36) NOT NULL,
  `create_time` datetime DEFAULT NULL,
  `creator` varchar(36) DEFAULT NULL,
  `creatorname` varchar(200) DEFAULT NULL,
  `modifier` varchar(36) DEFAULT NULL,
  `modifiername` varchar(200) DEFAULT NULL,
  `modify_time` datetime DEFAULT NULL,
  `status` int(11) NOT NULL,
  `creation_time` datetime DEFAULT NULL,
  `document_type` varchar(255) DEFAULT NULL,
  `is_aad_years` varchar(255) DEFAULT NULL,
  `is_add_day` varchar(255) DEFAULT NULL,
  `is_add_month` varchar(255) DEFAULT NULL,
  `new_serial_number` int(11) DEFAULT NULL,
  `serial_number` int(11) DEFAULT NULL,
  `zero_mark` varchar(255) DEFAULT NULL,
  `createtime` datetime DEFAULT NULL,
  `modifytime` datetime DEFAULT NULL,
  `prefix` varchar(255) DEFAULT NULL,
  `documents` varchar(255) DEFAULT NULL,
  `jobs` varchar(255) DEFAULT NULL,
  `ts` datetime DEFAULT NULL,
  `version` int(11) NOT NULL DEFAULT '0',
  PRIMARY KEY (`uuid`)
) ENGINE=InnoDB DEFAULT CHARSET=utf8

INSERT INTO `yy_documents` (`uuid`, `create_time`, `creator`, `creatorname`, `modifier`, `modifiername`, `modify_time`, `status`, `creation_time`, `document_type`, `is_aad_years`, `is_add_day`, `is_add_month`, `new_serial_number`, `serial_number`, `zero_mark`, `createtime`, `modifytime`, `prefix`, `documents`, `jobs`, `ts`, `version`) VALUES ('56fc87f3-9259-4332-a87f-ebf813b92374', NULL, '5bd60c1d-ffb3-46de-84ae-9d996d007e9f', '超级系统管理员', NULL, NULL, NULL, '1', '2019-07-16 00:00:00', 'orderInfoBillCode', 'y', 'y', 'y', '2', '5', '', '2019-07-16 22:23:40', NULL, 'A', '订单号', NULL, '2019-07-16 22:24:00', '2');


INSERT INTO `yy_parameter` (`uuid`, `status`, `defaultvalue`, `description`, `groudcode`, `isshow`, `paramtercode`, `paramtername`, `paramtertype`, `paramtervalue`, `showorder`, `sys`, `valuerange`, `create_time`, `creator`, `modifier`, `modify_time`, `createtime`, `creatorname`, `modifiername`, `modifytime`, `ispreset`, `ts`) VALUES ('cca938c2-d87d-4a9f-8eb4-077cce21f8b5', '1', NULL, '', 'sys', '', 'projectInfoImpTemplate', '项目单导入模板', '', '/exceltemplate/项目单导入模板.xlsx', NULL, '\0', '', NULL, '5bd60c1d-ffb3-46de-84ae-9d996d007e9f', NULL, NULL, '2019-07-16 22:29:47', '超级系统管理员', NULL, NULL, '0', '2019-07-16 22:29:47');

INSERT INTO `yy_imexlate` (`uuid`, `create_time`, `createtime`, `creator`, `creatorname`, `modifier`, `modifiername`, `modify_time`, `modifytime`, `status`, `child_start_cell_num`, `coding`, `export_file_name`, `start_cell_num`, `start_row_num`, `template_name`, `ts`, `iscreate`) VALUES ('397a6f33-4498-4920-8ea9-09e6d12d61f7', NULL, '2019-07-16 22:33:51', '5bd60c1d-ffb3-46de-84ae-9d996d007e9f', '超级系统管理员', NULL, NULL, NULL, NULL, '1', NULL, 'projectInfoImport', '项目导入模板', NULL, NULL, '项目导入模板', '2019-07-16 22:33:51', '1');
INSERT INTO `yy_imexlate_sub` (`uuid`, `create_time`, `createtime`, `creator`, `creatorname`, `modifier`, `modifiername`, `modify_time`, `modifytime`, `status`, `chinese_field`, `export_cell_num`, `field_name`, `is_main_field`, `template_id`, `ts`, `enumdata`, `isnotempty`, `qualified_value`, `datatype`, `column_width`) VALUES ('352cf441-35c0-4942-af72-1a25805fab95', NULL, '2019-07-16 22:33:51', '5bd60c1d-ffb3-46de-84ae-9d996d007e9f', '超级系统管理员', NULL, NULL, NULL, NULL, '1', '物料编码', 'B', 'materialCode', '\0', '397a6f33-4498-4920-8ea9-09e6d12d61f7', '2019-07-16 22:33:51', NULL, '\0', NULL, NULL, NULL);
INSERT INTO `yy_imexlate_sub` (`uuid`, `create_time`, `createtime`, `creator`, `creatorname`, `modifier`, `modifiername`, `modify_time`, `modifytime`, `status`, `chinese_field`, `export_cell_num`, `field_name`, `is_main_field`, `template_id`, `ts`, `enumdata`, `isnotempty`, `qualified_value`, `datatype`, `column_width`) VALUES ('aeb4faa8-543f-4766-8700-476eedaa1545', NULL, '2019-07-16 22:33:51', '5bd60c1d-ffb3-46de-84ae-9d996d007e9f', '超级系统管理员', NULL, NULL, NULL, NULL, '1', '箱号', 'A', 'boxNum', '\0', '397a6f33-4498-4920-8ea9-09e6d12d61f7', '2019-07-16 22:33:51', NULL, '\0', NULL, NULL, NULL);
INSERT INTO `yy_imexlate_sub` (`uuid`, `create_time`, `createtime`, `creator`, `creatorname`, `modifier`, `modifiername`, `modify_time`, `modifytime`, `status`, `chinese_field`, `export_cell_num`, `field_name`, `is_main_field`, `template_id`, `ts`, `enumdata`, `isnotempty`, `qualified_value`, `datatype`, `column_width`) VALUES ('f07c8fbb-297b-4c0a-bff8-68f77e089271', NULL, '2019-07-16 22:33:51', '5bd60c1d-ffb3-46de-84ae-9d996d007e9f', '超级系统管理员', NULL, NULL, NULL, NULL, '1', '备注', 'D', 'memo', '\0', '397a6f33-4498-4920-8ea9-09e6d12d61f7', '2019-07-16 22:33:51', NULL, '\0', NULL, NULL, NULL);
INSERT INTO `yy_imexlate_sub` (`uuid`, `create_time`, `createtime`, `creator`, `creatorname`, `modifier`, `modifiername`, `modify_time`, `modifytime`, `status`, `chinese_field`, `export_cell_num`, `field_name`, `is_main_field`, `template_id`, `ts`, `enumdata`, `isnotempty`, `qualified_value`, `datatype`, `column_width`) VALUES ('fe7a7f23-6672-488e-a54f-0bb36d44e14e', NULL, '2019-07-16 22:33:51', '5bd60c1d-ffb3-46de-84ae-9d996d007e9f', '超级系统管理员', NULL, NULL, NULL, NULL, '1', '计划数量', 'C', 'planAmount', '\0', '397a6f33-4498-4920-8ea9-09e6d12d61f7', '2019-07-16 22:33:51', NULL, '\0', NULL, NULL, NULL);




INSERT INTO `yy_func` (`uuid`, `status`, `create_ts`, `creator`, `modifier`, `modify_ts`, `nodepath`, `auth_type`, `description`, `fun_css`, `func_code`, `func_name`, `func_type`, `func_url`, `help_code`, `hint`, `iconcls`, `islast`, `parentid`, `permission_code`, `showorder`, `sys`, `create_time`, `modify_time`, `createtime`, `creatorname`, `modifiername`, `modifytime`, `usestatus`, `ts`) VALUES ('5c655e19-6655-4c58-8269-1ba38e531949', '1', NULL, '5bd60c1d-ffb3-46de-84ae-9d996d007e9f', NULL, NULL, 'root,79f79877-5599-4b52-9e3c-e22307630fb8,5c655e19-6655-4c58-8269-1ba38e531949', NULL, '', NULL, '1090', '申请消息', 'func', '@ctx@/info/apply/list', NULL, NULL, '', '', '79f79877-5599-4b52-9e3c-e22307630fb8', NULL, NULL, '\0', NULL, NULL, '2019-07-17 21:30:13', '超级系统管理员', NULL, NULL, '1', '2019-07-17 21:30:13');
INSERT INTO `yy_role_func` (`uuid`, `status`, `func_id`, `role_id`, `create_time`, `creator`, `modifier`, `modify_time`, `createtime`, `creatorname`, `modifiername`, `modifytime`, `ts`) VALUES ('66617a39-3e36-41a3-95ef-cc6440bd5811', '1', '5c655e19-6655-4c58-8269-1ba38e531949', 'ae39aea9-d683-4850-b557-e6d6c406201f', NULL, '5bd60c1d-ffb3-46de-84ae-9d996d007e9f', NULL, NULL, '2019-07-17 21:30:22', '超级系统管理员', NULL, NULL, '2019-07-17 21:30:22');



INSERT INTO `yy_enumdata` (`uuid`, `status`, `description`, `groupcode`, `groupname`, `modulecode`, `sys`, `creator`, `modifier`, `create_time`, `modify_time`, `creatorname`, `modifiername`, `createtime`, `modifytime`, `ts`) VALUES ('017544fc-89d2-41ee-bea1-293c8e0eeb99', '1', '', 'projectApplyType', '项目单申请类型', 'sys', '\0', '5bd60c1d-ffb3-46de-84ae-9d996d007e9f', NULL, NULL, NULL, '超级系统管理员', NULL, '2019-07-17 21:46:12', NULL, '2019-07-17 21:46:12');
INSERT INTO `yy_enumdata_sub` (`uuid`, `status`, `description`, `enumdatakey`, `enumdataname`, `icon`, `isdefault`, `showorder`, `enumdataid`, `creator`, `modifier`, `create_time`, `modify_time`, `creatorname`, `modifiername`, `createtime`, `modifytime`, `ts`) VALUES ('1c4d4cad-3a1f-4a14-b726-4d0b3e128b94', '1', NULL, '3', '已处理', NULL, '\0', '3', '017544fc-89d2-41ee-bea1-293c8e0eeb99', '5bd60c1d-ffb3-46de-84ae-9d996d007e9f', NULL, NULL, NULL, '超级系统管理员', NULL, '2019-07-17 21:46:12', NULL, '2019-07-17 21:46:12');
INSERT INTO `yy_enumdata_sub` (`uuid`, `status`, `description`, `enumdatakey`, `enumdataname`, `icon`, `isdefault`, `showorder`, `enumdataid`, `creator`, `modifier`, `create_time`, `modify_time`, `creatorname`, `modifiername`, `createtime`, `modifytime`, `ts`) VALUES ('543d1451-0697-49dd-a91d-73460107093b', '1', NULL, '1', '申请中', NULL, '\0', '1', '017544fc-89d2-41ee-bea1-293c8e0eeb99', '5bd60c1d-ffb3-46de-84ae-9d996d007e9f', NULL, NULL, NULL, '超级系统管理员', NULL, '2019-07-17 21:46:12', NULL, '2019-07-17 21:46:12');
INSERT INTO `yy_enumdata_sub` (`uuid`, `status`, `description`, `enumdatakey`, `enumdataname`, `icon`, `isdefault`, `showorder`, `enumdataid`, `creator`, `modifier`, `create_time`, `modify_time`, `creatorname`, `modifiername`, `createtime`, `modifytime`, `ts`) VALUES ('750d3aa2-d107-4a46-8f52-5a04688f1afe', '1', NULL, '2', '处理中', NULL, '\0', '2', '017544fc-89d2-41ee-bea1-293c8e0eeb99', '5bd60c1d-ffb3-46de-84ae-9d996d007e9f', NULL, NULL, NULL, '超级系统管理员', NULL, '2019-07-17 21:46:12', NULL, '2019-07-17 21:46:12');
INSERT INTO `yy_enumdata_sub` (`uuid`, `status`, `description`, `enumdatakey`, `enumdataname`, `icon`, `isdefault`, `showorder`, `enumdataid`, `creator`, `modifier`, `create_time`, `modify_time`, `creatorname`, `modifiername`, `createtime`, `modifytime`, `ts`) VALUES ('80ab276d-c36c-41fb-9c82-4ff259703479', '1', NULL, '4', '已拒绝', NULL, '\0', '4', '017544fc-89d2-41ee-bea1-293c8e0eeb99', '5bd60c1d-ffb3-46de-84ae-9d996d007e9f', NULL, NULL, NULL, '超级系统管理员', NULL, '2019-07-17 21:46:12', NULL, '2019-07-17 21:46:12');



###2019/7/18
UPDATE `yy_alertmsg` SET `uuid`='c1de9f74-a818-4b58-93f0-b8b725e6c1da', `createtime`='2017-09-10 13:45:22', `creator`='5bd60c1d-ffb3-46de-84ae-9d996d007e9f', `creatorname`='系统管理员', `modifier`=NULL, `modifiername`=NULL, `modifytime`=NULL, `status`='1', `ts`='2017-09-10 13:45:22', `acode`='sys-submit-fail', `alanguage`='', `alertmsg`='提交失败:', `aname`='提交失败', `mcode`='sys', `remarks`=NULL WHERE (`uuid`='c1de9f74-a818-4b58-93f0-b8b725e6c1da');
INSERT INTO `yy_func` (`uuid`, `status`, `create_ts`, `creator`, `modifier`, `modify_ts`, `nodepath`, `auth_type`, `description`, `fun_css`, `func_code`, `func_name`, `func_type`, `func_url`, `help_code`, `hint`, `iconcls`, `islast`, `parentid`, `permission_code`, `showorder`, `sys`, `create_time`, `modify_time`, `createtime`, `creatorname`, `modifiername`, `modifytime`, `usestatus`, `ts`) VALUES ('1c7e6365-c86b-4204-be70-2e7fd7f9b81b', '1', NULL, '5bd60c1d-ffb3-46de-84ae-9d996d007e9f', NULL, NULL, 'root,79f79877-5599-4b52-9e3c-e22307630fb8,1c7e6365-c86b-4204-be70-2e7fd7f9b81b', NULL, '', NULL, '1095', '审核用户', 'func', '@ctx@/info/approveuser/list', NULL, NULL, '', '', '79f79877-5599-4b52-9e3c-e22307630fb8', NULL, NULL, '\0', NULL, NULL, '2019-07-18 09:36:31', '超级系统管理员', NULL, NULL, '1', '2019-07-18 09:36:31');
INSERT INTO `yy_role_func` (`uuid`, `status`, `func_id`, `role_id`, `create_time`, `creator`, `modifier`, `modify_time`, `createtime`, `creatorname`, `modifiername`, `modifytime`, `ts`) VALUES ('e02f00eb-cede-4ed3-993d-a47b25f9d808', '1', '1c7e6365-c86b-4204-be70-2e7fd7f9b81b', 'ae39aea9-d683-4850-b557-e6d6c406201f', NULL, '5bd60c1d-ffb3-46de-84ae-9d996d007e9f', NULL, NULL, '2019-07-18 09:36:41', '超级系统管理员', NULL, NULL, '2019-07-18 09:36:41');




###2019/7/19
INSERT INTO `yy_enumdata` (`uuid`, `status`, `description`, `groupcode`, `groupname`, `modulecode`, `sys`, `creator`, `modifier`, `create_time`, `modify_time`, `creatorname`, `modifiername`, `createtime`, `modifytime`, `ts`) VALUES ('0d8d9edb-3283-4327-a5c7-74e69ee68e49', '1', '0不需预警 1：要预警 2:以用完不需预警', 'StockStreamWarningType', '库存流水预警类型', 'sys', '\0', '5bd60c1d-ffb3-46de-84ae-9d996d007e9f', NULL, NULL, NULL, '超级系统管理员', NULL, '2019-07-19 13:51:56', NULL, '2019-07-19 13:51:56');
INSERT INTO `yy_enumdata_sub` (`uuid`, `status`, `description`, `enumdatakey`, `enumdataname`, `icon`, `isdefault`, `showorder`, `enumdataid`, `creator`, `modifier`, `create_time`, `modify_time`, `creatorname`, `modifiername`, `createtime`, `modifytime`, `ts`) VALUES ('ab4e92cd-c8f9-4976-b9b5-9b852146bf4b', '1', NULL, '1', '预警中', NULL, '\0', NULL, '0d8d9edb-3283-4327-a5c7-74e69ee68e49', '5bd60c1d-ffb3-46de-84ae-9d996d007e9f', NULL, NULL, NULL, '超级系统管理员', NULL, '2019-07-19 13:51:56', NULL, '2019-07-19 13:51:56');
INSERT INTO `yy_enumdata_sub` (`uuid`, `status`, `description`, `enumdatakey`, `enumdataname`, `icon`, `isdefault`, `showorder`, `enumdataid`, `creator`, `modifier`, `create_time`, `modify_time`, `creatorname`, `modifiername`, `createtime`, `modifytime`, `ts`) VALUES ('ed403d46-225d-4c29-bb25-f8f5fddd0b44', '1', NULL, '2', '预警结束', NULL, '\0', NULL, '0d8d9edb-3283-4327-a5c7-74e69ee68e49', '5bd60c1d-ffb3-46de-84ae-9d996d007e9f', NULL, NULL, NULL, '超级系统管理员', NULL, '2019-07-19 13:51:56', NULL, '2019-07-19 13:51:56');
INSERT INTO `yy_enumdata_sub` (`uuid`, `status`, `description`, `enumdatakey`, `enumdataname`, `icon`, `isdefault`, `showorder`, `enumdataid`, `creator`, `modifier`, `create_time`, `modify_time`, `creatorname`, `modifiername`, `createtime`, `modifytime`, `ts`) VALUES ('f9e3782a-90db-48be-9345-823e49803b67', '1', NULL, '0', '无预警', NULL, '\0', NULL, '0d8d9edb-3283-4327-a5c7-74e69ee68e49', '5bd60c1d-ffb3-46de-84ae-9d996d007e9f', NULL, NULL, NULL, '超级系统管理员', NULL, '2019-07-19 13:51:56', NULL, '2019-07-19 13:51:56');

UPDATE `yy_enumdata_sub` SET `uuid`='3947807f-bfbb-4220-8944-bb15d68feae8', `status`='1', `description`=NULL, `enumdatakey`='-1', `enumdataname`='批次条码', `icon`=NULL, `isdefault`='\0', `showorder`='1', `enumdataid`='70d1cd41-0b1f-438a-853e-e0a1a108d2fb', `creator`=NULL, `modifier`=NULL, `create_time`=NULL, `modify_time`=NULL, `creatorname`=NULL, `modifiername`=NULL, `createtime`=NULL, `modifytime`=NULL, `ts`='2019-07-21 11:34:30' WHERE (`uuid`='3947807f-bfbb-4220-8944-bb15d68feae8');
UPDATE `yy_enumdata_sub` SET `uuid`='d1e5d19f-1c1c-4c8e-b378-836c74456415', `status`='1', `description`=NULL, `enumdatakey`='1', `enumdataname`='唯一条码', `icon`=NULL, `isdefault`='\0', `showorder`='2', `enumdataid`='70d1cd41-0b1f-438a-853e-e0a1a108d2fb', `creator`=NULL, `modifier`=NULL, `create_time`=NULL, `modify_time`=NULL, `creatorname`=NULL, `modifiername`=NULL, `createtime`=NULL, `modifytime`=NULL, `ts`='2019-07-21 11:34:30' WHERE (`uuid`='d1e5d19f-1c1c-4c8e-b378-836c74456415');


INSERT INTO `yy_enumdata` (`uuid`, `status`, `description`, `groupcode`, `groupname`, `modulecode`, `sys`, `creator`, `modifier`, `create_time`, `modify_time`, `creatorname`, `modifiername`, `createtime`, `modifytime`, `ts`) VALUES ('aa1a942c-b062-4373-8d02-4e96458a33ee', '1', '', 'PurchaseType', '物料采购类型', 'sys', '\0', '5bd60c1d-ffb3-46de-84ae-9d996d007e9f', NULL, NULL, NULL, '超级系统管理员', NULL, '2019-07-21 11:57:02', NULL, '2019-07-21 11:57:02');
INSERT INTO `yy_enumdata_sub` (`uuid`, `status`, `description`, `enumdatakey`, `enumdataname`, `icon`, `isdefault`, `showorder`, `enumdataid`, `creator`, `modifier`, `create_time`, `modify_time`, `creatorname`, `modifiername`, `createtime`, `modifytime`, `ts`) VALUES ('5561f280-f646-4a52-82a9-59f3b77c0181', '1', NULL, 'TK', 'TK', NULL, '\0', '2', 'aa1a942c-b062-4373-8d02-4e96458a33ee', '5bd60c1d-ffb3-46de-84ae-9d996d007e9f', NULL, NULL, NULL, '超级系统管理员', NULL, '2019-07-21 11:57:02', NULL, '2019-07-21 11:57:02');
INSERT INTO `yy_enumdata_sub` (`uuid`, `status`, `description`, `enumdatakey`, `enumdataname`, `icon`, `isdefault`, `showorder`, `enumdataid`, `creator`, `modifier`, `create_time`, `modify_time`, `creatorname`, `modifiername`, `createtime`, `modifytime`, `ts`) VALUES ('d8c48d28-b891-489c-a47a-b828feb411c1', '1', NULL, 'CS', 'CS', NULL, '\0', '1', 'aa1a942c-b062-4373-8d02-4e96458a33ee', '5bd60c1d-ffb3-46de-84ae-9d996d007e9f', NULL, NULL, NULL, '超级系统管理员', NULL, '2019-07-21 11:57:02', NULL, '2019-07-21 11:57:02');


delete from yy_imexlate_sub where template_id in('140c66f8-cfd1-4d4b-ac2d-6f9393e2b52c','3c8d1b1a-fedb-40bd-842b-4de0518d1b7d')

INSERT INTO `yy_imexlate_sub` (`uuid`, `create_time`, `createtime`, `creator`, `creatorname`, `modifier`, `modifiername`, `modify_time`, `modifytime`, `status`, `chinese_field`, `export_cell_num`, `field_name`, `is_main_field`, `template_id`, `ts`, `enumdata`, `isnotempty`, `qualified_value`, `datatype`, `column_width`) VALUES ('0b2af1e1-383b-43bb-843c-f5a9e5eccbae', NULL, NULL, NULL, NULL, NULL, NULL, NULL, NULL, '1', '物料编码', 'A', 'code', '\0', '140c66f8-cfd1-4d4b-ac2d-6f9393e2b52c', '2019-07-02 22:15:27', NULL, '\0', NULL, NULL, '30');
INSERT INTO `yy_imexlate_sub` (`uuid`, `create_time`, `createtime`, `creator`, `creatorname`, `modifier`, `modifiername`, `modify_time`, `modifytime`, `status`, `chinese_field`, `export_cell_num`, `field_name`, `is_main_field`, `template_id`, `ts`, `enumdata`, `isnotempty`, `qualified_value`, `datatype`, `column_width`) VALUES ('2ffb7c8e-8730-4891-87f3-4f30d6d772cf', NULL, NULL, NULL, NULL, NULL, NULL, NULL, NULL, '1', '分类描述', 'E', 'classDesc', '\0', '3c8d1b1a-fedb-40bd-842b-4de0518d1b7d', '2019-07-21 17:32:48', NULL, '\0', NULL, NULL, NULL);
INSERT INTO `yy_imexlate_sub` (`uuid`, `create_time`, `createtime`, `creator`, `creatorname`, `modifier`, `modifiername`, `modify_time`, `modifytime`, `status`, `chinese_field`, `export_cell_num`, `field_name`, `is_main_field`, `template_id`, `ts`, `enumdata`, `isnotempty`, `qualified_value`, `datatype`, `column_width`) VALUES ('563f57e6-dafc-4f6e-9d3c-884a31511381', NULL, '2019-07-18 21:32:20', '5bd60c1d-ffb3-46de-84ae-9d996d007e9f', '超级系统管理员', NULL, NULL, NULL, NULL, '1', '华为物料', 'B', 'hwcode', '\0', '3c8d1b1a-fedb-40bd-842b-4de0518d1b7d', '2019-07-18 21:32:20', NULL, '\0', NULL, NULL, NULL);
INSERT INTO `yy_imexlate_sub` (`uuid`, `create_time`, `createtime`, `creator`, `creatorname`, `modifier`, `modifiername`, `modify_time`, `modifytime`, `status`, `chinese_field`, `export_cell_num`, `field_name`, `is_main_field`, `template_id`, `ts`, `enumdata`, `isnotempty`, `qualified_value`, `datatype`, `column_width`) VALUES ('7d272903-9412-49c5-b90b-19b35dce2ba6', NULL, NULL, NULL, NULL, NULL, NULL, NULL, NULL, '1', '单位', 'D', 'unit', '\0', '140c66f8-cfd1-4d4b-ac2d-6f9393e2b52c', '2019-07-21 17:35:01', NULL, '\0', NULL, NULL, '100');
INSERT INTO `yy_imexlate_sub` (`uuid`, `create_time`, `createtime`, `creator`, `creatorname`, `modifier`, `modifiername`, `modify_time`, `modifytime`, `status`, `chinese_field`, `export_cell_num`, `field_name`, `is_main_field`, `template_id`, `ts`, `enumdata`, `isnotempty`, `qualified_value`, `datatype`, `column_width`) VALUES ('921d7851-480a-449d-998a-5ff39d250a1e', NULL, NULL, NULL, NULL, NULL, NULL, NULL, NULL, '1', '物料描述', 'F', 'memo', '\0', '3c8d1b1a-fedb-40bd-842b-4de0518d1b7d', '2019-07-21 17:32:48', NULL, '\0', NULL, NULL, NULL);
INSERT INTO `yy_imexlate_sub` (`uuid`, `create_time`, `createtime`, `creator`, `creatorname`, `modifier`, `modifiername`, `modify_time`, `modifytime`, `status`, `chinese_field`, `export_cell_num`, `field_name`, `is_main_field`, `template_id`, `ts`, `enumdata`, `isnotempty`, `qualified_value`, `datatype`, `column_width`) VALUES ('a1a28087-d4ff-4622-b594-6ac4c3855f5c', NULL, NULL, NULL, NULL, NULL, NULL, NULL, NULL, '1', '物料名称', 'C', 'name', '\0', '140c66f8-cfd1-4d4b-ac2d-6f9393e2b52c', '2019-07-21 17:35:01', NULL, '\0', NULL, NULL, '15');
INSERT INTO `yy_imexlate_sub` (`uuid`, `create_time`, `createtime`, `creator`, `creatorname`, `modifier`, `modifiername`, `modify_time`, `modifytime`, `status`, `chinese_field`, `export_cell_num`, `field_name`, `is_main_field`, `template_id`, `ts`, `enumdata`, `isnotempty`, `qualified_value`, `datatype`, `column_width`) VALUES ('a28d9ff4-26f7-4467-9577-13e695824db3', NULL, NULL, NULL, NULL, NULL, NULL, NULL, NULL, '1', '单位', 'D', 'unit', '\0', '3c8d1b1a-fedb-40bd-842b-4de0518d1b7d', '2019-07-21 17:32:48', NULL, '\0', NULL, NULL, NULL);
INSERT INTO `yy_imexlate_sub` (`uuid`, `create_time`, `createtime`, `creator`, `creatorname`, `modifier`, `modifiername`, `modify_time`, `modifytime`, `status`, `chinese_field`, `export_cell_num`, `field_name`, `is_main_field`, `template_id`, `ts`, `enumdata`, `isnotempty`, `qualified_value`, `datatype`, `column_width`) VALUES ('ab047b0b-eecc-43b5-8709-f7a232da91d4', NULL, '2019-07-21 17:35:01', '5bd60c1d-ffb3-46de-84ae-9d996d007e9f', '超级系统管理员', NULL, NULL, NULL, NULL, '1', '采购模式', 'G', 'purchaseType', '\0', '140c66f8-cfd1-4d4b-ac2d-6f9393e2b52c', '2019-07-21 17:35:01', NULL, '\0', NULL, NULL, NULL);
INSERT INTO `yy_imexlate_sub` (`uuid`, `create_time`, `createtime`, `creator`, `creatorname`, `modifier`, `modifiername`, `modify_time`, `modifytime`, `status`, `chinese_field`, `export_cell_num`, `field_name`, `is_main_field`, `template_id`, `ts`, `enumdata`, `isnotempty`, `qualified_value`, `datatype`, `column_width`) VALUES ('c31e7608-717e-4b3e-9720-38369184bae7', NULL, '2019-07-21 17:35:01', '5bd60c1d-ffb3-46de-84ae-9d996d007e9f', '超级系统管理员', NULL, NULL, NULL, NULL, '1', '分类描述', 'E', 'classDesc', '\0', '140c66f8-cfd1-4d4b-ac2d-6f9393e2b52c', '2019-07-21 17:35:01', NULL, '\0', NULL, NULL, NULL);
INSERT INTO `yy_imexlate_sub` (`uuid`, `create_time`, `createtime`, `creator`, `creatorname`, `modifier`, `modifiername`, `modify_time`, `modifytime`, `status`, `chinese_field`, `export_cell_num`, `field_name`, `is_main_field`, `template_id`, `ts`, `enumdata`, `isnotempty`, `qualified_value`, `datatype`, `column_width`) VALUES ('d0650ab0-9fde-4de6-b787-0d61a881e5d4', NULL, NULL, NULL, NULL, NULL, NULL, NULL, NULL, '1', '物料名称', 'C', 'name', '\0', '3c8d1b1a-fedb-40bd-842b-4de0518d1b7d', '2019-07-21 17:32:48', NULL, '\0', NULL, NULL, NULL);
INSERT INTO `yy_imexlate_sub` (`uuid`, `create_time`, `createtime`, `creator`, `creatorname`, `modifier`, `modifiername`, `modify_time`, `modifytime`, `status`, `chinese_field`, `export_cell_num`, `field_name`, `is_main_field`, `template_id`, `ts`, `enumdata`, `isnotempty`, `qualified_value`, `datatype`, `column_width`) VALUES ('e12ace83-8065-4aa6-8ee1-3dfaaa686b75', NULL, '2019-07-21 17:32:48', '5bd60c1d-ffb3-46de-84ae-9d996d007e9f', '超级系统管理员', NULL, NULL, NULL, NULL, '1', '采购模式', 'G', 'purchaseType', '\0', '3c8d1b1a-fedb-40bd-842b-4de0518d1b7d', '2019-07-21 17:32:48', NULL, '\0', NULL, NULL, NULL);
INSERT INTO `yy_imexlate_sub` (`uuid`, `create_time`, `createtime`, `creator`, `creatorname`, `modifier`, `modifiername`, `modify_time`, `modifytime`, `status`, `chinese_field`, `export_cell_num`, `field_name`, `is_main_field`, `template_id`, `ts`, `enumdata`, `isnotempty`, `qualified_value`, `datatype`, `column_width`) VALUES ('e1e143b5-e704-4d35-947e-d65144780176', NULL, NULL, NULL, NULL, NULL, NULL, NULL, NULL, '1', '华为物料', 'B', 'hwcode', '\0', '140c66f8-cfd1-4d4b-ac2d-6f9393e2b52c', '2019-07-21 17:35:01', NULL, '\0', NULL, NULL, '30');
INSERT INTO `yy_imexlate_sub` (`uuid`, `create_time`, `createtime`, `creator`, `creatorname`, `modifier`, `modifiername`, `modify_time`, `modifytime`, `status`, `chinese_field`, `export_cell_num`, `field_name`, `is_main_field`, `template_id`, `ts`, `enumdata`, `isnotempty`, `qualified_value`, `datatype`, `column_width`) VALUES ('ed047b9a-a869-43ff-9e1c-8f7e5497918c', NULL, '2019-06-16 21:41:47', '5bd60c1d-ffb3-46de-84ae-9d996d007e9f', '超级系统管理员', NULL, NULL, NULL, NULL, '1', '物料编码', 'A', 'code', '\0', '3c8d1b1a-fedb-40bd-842b-4de0518d1b7d', '2019-06-16 21:41:47', NULL, '\0', NULL, NULL, NULL);
INSERT INTO `yy_imexlate_sub` (`uuid`, `create_time`, `createtime`, `creator`, `creatorname`, `modifier`, `modifiername`, `modify_time`, `modifytime`, `status`, `chinese_field`, `export_cell_num`, `field_name`, `is_main_field`, `template_id`, `ts`, `enumdata`, `isnotempty`, `qualified_value`, `datatype`, `column_width`) VALUES ('f71ffc68-354a-47d0-8072-8c6ef4cb08a5', NULL, '2019-07-21 17:35:01', '5bd60c1d-ffb3-46de-84ae-9d996d007e9f', '超级系统管理员', NULL, NULL, NULL, NULL, '1', '物料描述', 'F', 'memo', '\0', '140c66f8-cfd1-4d4b-ac2d-6f9393e2b52c', '2019-07-21 17:35:01', NULL, '\0', NULL, NULL, NULL);



INSERT INTO `yy_enumdata` (`uuid`, `status`, `description`, `groupcode`, `groupname`, `modulecode`, `sys`, `creator`, `modifier`, `create_time`, `modify_time`, `creatorname`, `modifiername`, `createtime`, `modifytime`, `ts`) VALUES ('b1796507-2099-4392-9ddc-2b9502244466', '1', '', 'barCodeExtract', '条形码的抽取', 'sys', '\0', '5bd60c1d-ffb3-46de-84ae-9d996d007e9f', NULL, NULL, NULL, '超级系统管理员', NULL, '2019-07-13 22:06:50', NULL, '2019-07-13 22:06:50');
INSERT INTO `yy_enumdata_sub` (`uuid`, `status`, `description`, `enumdatakey`, `enumdataname`, `icon`, `isdefault`, `showorder`, `enumdataid`, `creator`, `modifier`, `create_time`, `modify_time`, `creatorname`, `modifiername`, `createtime`, `modifytime`, `ts`) VALUES ('043c8125-e59b-48f1-bb22-47ccd91fc489', '1', NULL, '19', '19条码编码', '2', '\0', '8', 'b1796507-2099-4392-9ddc-2b9502244466', '5bd60c1d-ffb3-46de-84ae-9d996d007e9f', NULL, NULL, NULL, '超级系统管理员', NULL, '2019-07-13 22:06:50', NULL, '2019-07-13 22:06:50');
INSERT INTO `yy_enumdata_sub` (`uuid`, `status`, `description`, `enumdatakey`, `enumdataname`, `icon`, `isdefault`, `showorder`, `enumdataid`, `creator`, `modifier`, `create_time`, `modify_time`, `creatorname`, `modifiername`, `createtime`, `modifytime`, `ts`) VALUES ('18493d9f-e7ab-4645-b5f0-6580e8859cd2', '1', NULL, '09', '原材料09条码编码', '2', '\0', '8', 'b1796507-2099-4392-9ddc-2b9502244466', '5bd60c1d-ffb3-46de-84ae-9d996d007e9f', NULL, NULL, NULL, '超级系统管理员', NULL, '2019-07-13 22:06:50', NULL, '2019-07-13 22:06:50');
INSERT INTO `yy_enumdata_sub` (`uuid`, `status`, `description`, `enumdatakey`, `enumdataname`, `icon`, `isdefault`, `showorder`, `enumdataid`, `creator`, `modifier`, `create_time`, `modify_time`, `creatorname`, `modifiername`, `createtime`, `modifytime`, `ts`) VALUES ('1c880230-d93e-429d-b13d-4d2da8309df5', '1', NULL, '21', '部件模块产品条码编码', '2', '\0', '8', 'b1796507-2099-4392-9ddc-2b9502244466', '5bd60c1d-ffb3-46de-84ae-9d996d007e9f', NULL, NULL, NULL, '超级系统管理员', NULL, '2019-07-13 22:06:50', NULL, '2019-07-13 22:06:50');
INSERT INTO `yy_enumdata_sub` (`uuid`, `status`, `description`, `enumdatakey`, `enumdataname`, `icon`, `isdefault`, `showorder`, `enumdataid`, `creator`, `modifier`, `create_time`, `modify_time`, `creatorname`, `modifiername`, `createtime`, `modifytime`, `ts`) VALUES ('2ec35203-88b4-4bc9-816a-93d849774de2', '1', NULL, '02', '制成板制成板条码编码', '2', '\0', '8', 'b1796507-2099-4392-9ddc-2b9502244466', '5bd60c1d-ffb3-46de-84ae-9d996d007e9f', NULL, NULL, NULL, '超级系统管理员', NULL, '2019-07-13 22:06:50', NULL, '2019-07-13 22:06:50');
INSERT INTO `yy_enumdata_sub` (`uuid`, `status`, `description`, `enumdatakey`, `enumdataname`, `icon`, `isdefault`, `showorder`, `enumdataid`, `creator`, `modifier`, `create_time`, `modify_time`, `creatorname`, `modifiername`, `createtime`, `modifytime`, `ts`) VALUES ('332061ae-12f0-4fe0-b270-6a699ec434b3', '1', NULL, '29', '29条码编码', '2', '\0', '8', 'b1796507-2099-4392-9ddc-2b9502244466', '5bd60c1d-ffb3-46de-84ae-9d996d007e9f', NULL, NULL, NULL, '超级系统管理员', NULL, '2019-07-13 22:06:50', NULL, '2019-07-13 22:06:50');
INSERT INTO `yy_enumdata_sub` (`uuid`, `status`, `description`, `enumdatakey`, `enumdataname`, `icon`, `isdefault`, `showorder`, `enumdataid`, `creator`, `modifier`, `create_time`, `modify_time`, `creatorname`, `modifiername`, `createtime`, `modifytime`, `ts`) VALUES ('4dc3b110-a6fc-4330-9a83-1f6e34834a96', '1', NULL, 'P', 'PSN条码编码', '1', '\0', '8', 'b1796507-2099-4392-9ddc-2b9502244466', '5bd60c1d-ffb3-46de-84ae-9d996d007e9f', NULL, NULL, NULL, '超级系统管理员', NULL, '2019-07-13 22:06:50', NULL, '2019-07-13 22:06:50');
INSERT INTO `yy_enumdata_sub` (`uuid`, `status`, `description`, `enumdatakey`, `enumdataname`, `icon`, `isdefault`, `showorder`, `enumdataid`, `creator`, `modifier`, `create_time`, `modify_time`, `creatorname`, `modifiername`, `createtime`, `modifytime`, `ts`) VALUES ('c6a08bd0-2439-4b32-9e68-7566f2ce7171', '1', NULL, '03', '制成板成品板条码编码', '2', '\0', '8', 'b1796507-2099-4392-9ddc-2b9502244466', '5bd60c1d-ffb3-46de-84ae-9d996d007e9f', NULL, NULL, NULL, '超级系统管理员', NULL, '2019-07-13 22:06:50', NULL, '2019-07-13 22:06:50');
INSERT INTO `yy_enumdata_sub` (`uuid`, `status`, `description`, `enumdatakey`, `enumdataname`, `icon`, `isdefault`, `showorder`, `enumdataid`, `creator`, `modifier`, `create_time`, `modify_time`, `creatorname`, `modifiername`, `createtime`, `modifytime`, `ts`) VALUES ('d489fc80-743f-47d6-95b0-6e1b8045bca4', '1', NULL, '39', '39条码编码', '2', '\0', '8', 'b1796507-2099-4392-9ddc-2b9502244466', '5bd60c1d-ffb3-46de-84ae-9d996d007e9f', NULL, NULL, NULL, '超级系统管理员', NULL, '2019-07-13 22:06:50', NULL, '2019-07-13 22:06:50');



###2019/7/22
delete from yy_imexlate_sub where template_id='397a6f33-4498-4920-8ea9-09e6d12d61f7';

INSERT INTO `yy_imexlate_sub` (`uuid`, `create_time`, `createtime`, `creator`, `creatorname`, `modifier`, `modifiername`, `modify_time`, `modifytime`, `status`, `chinese_field`, `export_cell_num`, `field_name`, `is_main_field`, `template_id`, `ts`, `enumdata`, `isnotempty`, `qualified_value`, `datatype`, `column_width`) VALUES ('c9068dd7-d0b1-4262-99e5-a185997d4bdc', NULL, '2019-07-22 10:58:01', '5bd60c1d-ffb3-46de-84ae-9d996d007e9f', '超级系统管理员', NULL, NULL, NULL, NULL, '1', '物料单位', 'E', 'materialUnit', '\0', '397a6f33-4498-4920-8ea9-09e6d12d61f7', '2019-07-22 10:58:01', NULL, '\0', NULL, NULL, NULL);
INSERT INTO `yy_imexlate_sub` (`uuid`, `create_time`, `createtime`, `creator`, `creatorname`, `modifier`, `modifiername`, `modify_time`, `modifytime`, `status`, `chinese_field`, `export_cell_num`, `field_name`, `is_main_field`, `template_id`, `ts`, `enumdata`, `isnotempty`, `qualified_value`, `datatype`, `column_width`) VALUES ('f78b5e36-60f7-4171-91fb-adbb46b9b8a3', NULL, '2019-07-22 10:58:01', '5bd60c1d-ffb3-46de-84ae-9d996d007e9f', '超级系统管理员', NULL, NULL, NULL, NULL, '1', '采购模式', 'F', 'materialPurchaseType', '\0', '397a6f33-4498-4920-8ea9-09e6d12d61f7', '2019-07-22 10:58:01', NULL, '\0', NULL, NULL, NULL);
INSERT INTO `yy_imexlate_sub` (`uuid`, `create_time`, `createtime`, `creator`, `creatorname`, `modifier`, `modifiername`, `modify_time`, `modifytime`, `status`, `chinese_field`, `export_cell_num`, `field_name`, `is_main_field`, `template_id`, `ts`, `enumdata`, `isnotempty`, `qualified_value`, `datatype`, `column_width`) VALUES ('f837ca65-025e-48e1-b594-a817bdc87c56', NULL, '2019-07-22 10:58:01', '5bd60c1d-ffb3-46de-84ae-9d996d007e9f', '超级系统管理员', NULL, NULL, NULL, NULL, '1', '备注', 'G', 'memo', '\0', '397a6f33-4498-4920-8ea9-09e6d12d61f7', '2019-07-22 10:58:01', NULL, '\0', NULL, NULL, NULL);
INSERT INTO `yy_imexlate_sub` (`uuid`, `create_time`, `createtime`, `creator`, `creatorname`, `modifier`, `modifiername`, `modify_time`, `modifytime`, `status`, `chinese_field`, `export_cell_num`, `field_name`, `is_main_field`, `template_id`, `ts`, `enumdata`, `isnotempty`, `qualified_value`, `datatype`, `column_width`) VALUES ('aeb4faa8-543f-4766-8700-476eedaa1545', NULL, '2019-07-16 22:33:51', '5bd60c1d-ffb3-46de-84ae-9d996d007e9f', '超级系统管理员', NULL, NULL, NULL, NULL, '1', '箱号', 'A', 'boxNum', '\0', '397a6f33-4498-4920-8ea9-09e6d12d61f7', '2019-07-16 22:33:51', NULL, '\0', NULL, NULL, NULL);
INSERT INTO `yy_imexlate_sub` (`uuid`, `create_time`, `createtime`, `creator`, `creatorname`, `modifier`, `modifiername`, `modify_time`, `modifytime`, `status`, `chinese_field`, `export_cell_num`, `field_name`, `is_main_field`, `template_id`, `ts`, `enumdata`, `isnotempty`, `qualified_value`, `datatype`, `column_width`) VALUES ('352cf441-35c0-4942-af72-1a25805fab95', NULL, NULL, NULL, NULL, NULL, NULL, NULL, NULL, '1', '物料编码', 'B', 'materialCode', '\0', '397a6f33-4498-4920-8ea9-09e6d12d61f7', '2019-07-22 10:58:01', NULL, '\0', NULL, NULL, NULL);
INSERT INTO `yy_imexlate_sub` (`uuid`, `create_time`, `createtime`, `creator`, `creatorname`, `modifier`, `modifiername`, `modify_time`, `modifytime`, `status`, `chinese_field`, `export_cell_num`, `field_name`, `is_main_field`, `template_id`, `ts`, `enumdata`, `isnotempty`, `qualified_value`, `datatype`, `column_width`) VALUES ('f07c8fbb-297b-4c0a-bff8-68f77e089271', NULL, NULL, NULL, NULL, NULL, NULL, NULL, NULL, '1', '单箱数量', 'D', 'planAmount', '\0', '397a6f33-4498-4920-8ea9-09e6d12d61f7', '2019-07-22 10:58:01', NULL, '\0', NULL, NULL, NULL);
INSERT INTO `yy_imexlate_sub` (`uuid`, `create_time`, `createtime`, `creator`, `creatorname`, `modifier`, `modifiername`, `modify_time`, `modifytime`, `status`, `chinese_field`, `export_cell_num`, `field_name`, `is_main_field`, `template_id`, `ts`, `enumdata`, `isnotempty`, `qualified_value`, `datatype`, `column_width`) VALUES ('fe7a7f23-6672-488e-a54f-0bb36d44e14e', NULL, NULL, NULL, NULL, NULL, NULL, NULL, NULL, '1', '物料描述', 'C', 'materialDesc', '\0', '397a6f33-4498-4920-8ea9-09e6d12d61f7', '2019-07-22 10:58:01', NULL, '\0', NULL, NULL, NULL);


update yy_project_sub set limit_count=-1 where limit_count is null;


###2019/7/23
INSERT INTO `yy_func` (`uuid`, `status`, `create_ts`, `creator`, `modifier`, `modify_ts`, `nodepath`, `auth_type`, `description`, `fun_css`, `func_code`, `func_name`, `func_type`, `func_url`, `help_code`, `hint`, `iconcls`, `islast`, `parentid`, `permission_code`, `showorder`, `sys`, `create_time`, `modify_time`, `createtime`, `creatorname`, `modifiername`, `modifytime`, `usestatus`, `ts`) VALUES ('980d5b76-7a59-4963-81d1-48fc036e8300', '1', NULL, '5bd60c1d-ffb3-46de-84ae-9d996d007e9f', NULL, NULL, 'root,79f79877-5599-4b52-9e3c-e22307630fb8,980d5b76-7a59-4963-81d1-48fc036e8300', NULL, '', NULL, '1060', '物料收货', 'func', '@ctx@/info/projectinfo/receiveList', NULL, NULL, '', '', '79f79877-5599-4b52-9e3c-e22307630fb8', NULL, NULL, '\0', NULL, NULL, '2019-07-23 21:06:42', '超级系统管理员', NULL, NULL, '1', '2019-07-23 21:06:42');

###2019/7/23
UPDATE `yy_enumdata_sub` SET `uuid`='18493d9f-e7ab-4645-b5f0-6580e8859cd2', `status`='1', `description`='20', `enumdatakey`='09', `enumdataname`='原材料09条码编码', `icon`='2', `isdefault`='\0', `showorder`='8', `enumdataid`='b1796507-2099-4392-9ddc-2b9502244466', `creator`=NULL, `modifier`=NULL, `create_time`=NULL, `modify_time`=NULL, `creatorname`=NULL, `modifiername`=NULL, `createtime`=NULL, `modifytime`=NULL, `ts`='2019-07-24 22:05:26' WHERE (`uuid`='18493d9f-e7ab-4645-b5f0-6580e8859cd2');
UPDATE `yy_enumdata_sub` SET `uuid`='1c880230-d93e-429d-b13d-4d2da8309df5', `status`='1', `description`='20', `enumdatakey`='21', `enumdataname`='部件模块产品条码编码', `icon`='2', `isdefault`='\0', `showorder`='8', `enumdataid`='b1796507-2099-4392-9ddc-2b9502244466', `creator`=NULL, `modifier`=NULL, `create_time`=NULL, `modify_time`=NULL, `creatorname`=NULL, `modifiername`=NULL, `createtime`=NULL, `modifytime`=NULL, `ts`='2019-07-24 22:05:26' WHERE (`uuid`='1c880230-d93e-429d-b13d-4d2da8309df5');
UPDATE `yy_enumdata` SET `uuid`='b1796507-2099-4392-9ddc-2b9502244466', `status`='1', `description`='', `groupcode`='barCodeExtract', `groupname`='条码-扫码-条形码的抽取', `modulecode`='sys', `sys`='\0', `creator`=NULL, `modifier`=NULL, `create_time`=NULL, `modify_time`=NULL, `creatorname`=NULL, `modifiername`=NULL, `createtime`=NULL, `modifytime`=NULL, `ts`='2019-07-24 22:07:13' WHERE (`uuid`='b1796507-2099-4392-9ddc-2b9502244466');

INSERT INTO `yy_enumdata` (`uuid`, `status`, `description`, `groupcode`, `groupname`, `modulecode`, `sys`, `creator`, `modifier`, `create_time`, `modify_time`, `creatorname`, `modifiername`, `createtime`, `modifytime`, `ts`) VALUES ('981cbd2f-c2e1-441a-a2a0-ece61cb4297a', '1', '', 'ReceiveType', '收货类型', 'sys', '\0', '5bd60c1d-ffb3-46de-84ae-9d996d007e9f', NULL, NULL, NULL, '超级系统管理员', NULL, '2019-07-24 09:17:53', NULL, '2019-07-24 09:17:53');
INSERT INTO `yy_enumdata_sub` (`uuid`, `status`, `description`, `enumdatakey`, `enumdataname`, `icon`, `isdefault`, `showorder`, `enumdataid`, `creator`, `modifier`, `create_time`, `modify_time`, `creatorname`, `modifiername`, `createtime`, `modifytime`, `ts`) VALUES ('15f28539-d56e-4d3e-850e-4a78af6c4bae', '1', NULL, '0', '减少', NULL, '\0', '2', '981cbd2f-c2e1-441a-a2a0-ece61cb4297a', '5bd60c1d-ffb3-46de-84ae-9d996d007e9f', NULL, NULL, NULL, '超级系统管理员', NULL, '2019-07-24 09:17:53', NULL, '2019-07-24 09:17:53');
INSERT INTO `yy_enumdata_sub` (`uuid`, `status`, `description`, `enumdatakey`, `enumdataname`, `icon`, `isdefault`, `showorder`, `enumdataid`, `creator`, `modifier`, `create_time`, `modify_time`, `creatorname`, `modifiername`, `createtime`, `modifytime`, `ts`) VALUES ('ce7f48ad-e39f-4f7a-943f-f91370410134', '1', NULL, '1', '增加', NULL, '\0', '1', '981cbd2f-c2e1-441a-a2a0-ece61cb4297a', '5bd60c1d-ffb3-46de-84ae-9d996d007e9f', NULL, NULL, NULL, '超级系统管理员', NULL, '2019-07-24 09:17:53', NULL, '2019-07-24 09:17:53');

INSERT INTO `yy_enumdata` (`uuid`, `status`, `description`, `groupcode`, `groupname`, `modulecode`, `sys`, `creator`, `modifier`, `create_time`, `modify_time`, `creatorname`, `modifiername`, `createtime`, `modifytime`, `ts`) VALUES ('60f3b220-bac7-4357-aa74-867295e71beb', '1', '', 'ReceiveStatus', '收货状态', 'sys', '\0', '5bd60c1d-ffb3-46de-84ae-9d996d007e9f', NULL, NULL, NULL, '超级系统管理员', NULL, '2019-07-24 12:23:51', NULL, '2019-07-24 12:23:51');
INSERT INTO `yy_enumdata_sub` (`uuid`, `status`, `description`, `enumdatakey`, `enumdataname`, `icon`, `isdefault`, `showorder`, `enumdataid`, `creator`, `modifier`, `create_time`, `modify_time`, `creatorname`, `modifiername`, `createtime`, `modifytime`, `ts`) VALUES ('109f2cc4-5ea7-4d47-ac17-3c2f25c76285', '1', NULL, '0', '未收货', NULL, '\0', '0', '60f3b220-bac7-4357-aa74-867295e71beb', '5bd60c1d-ffb3-46de-84ae-9d996d007e9f', NULL, NULL, NULL, '超级系统管理员', NULL, '2019-07-24 12:23:51', NULL, '2019-07-24 12:23:51');
INSERT INTO `yy_enumdata_sub` (`uuid`, `status`, `description`, `enumdatakey`, `enumdataname`, `icon`, `isdefault`, `showorder`, `enumdataid`, `creator`, `modifier`, `create_time`, `modify_time`, `creatorname`, `modifiername`, `createtime`, `modifytime`, `ts`) VALUES ('a74cd9b7-16d3-432e-ac82-e99c5d105690', '1', NULL, '1', '已收货', NULL, '\0', '1', '60f3b220-bac7-4357-aa74-867295e71beb', '5bd60c1d-ffb3-46de-84ae-9d996d007e9f', NULL, NULL, NULL, '超级系统管理员', NULL, '2019-07-24 12:23:51', NULL, '2019-07-24 12:23:51');


