



INSERT INTO `stock_admin`.`yy_enumdata` (`uuid`, `status`, `description`, `groupcode`, `groupname`, `modulecode`, `sys`, `creator`, `modifier`, `create_time`, `modify_time`, `creatorname`, `modifiername`, `createtime`, `modifytime`, `ts`) VALUES ('8952ca98-2b23-4c85-a318-6002251bbe6b', '1', '', 'WorkingProcedure', '工序', 'sys', '\0', '5bd60c1d-ffb3-46de-84ae-9d996d007e9f', NULL, NULL, NULL, '超级系统管理员', NULL, '2019-06-12 20:59:20', NULL, '2019-06-12 20:59:20');
INSERT INTO `stock_admin`.`yy_enumdata` (`uuid`, `status`, `description`, `groupcode`, `groupname`, `modulecode`, `sys`, `creator`, `modifier`, `create_time`, `modify_time`, `creatorname`, `modifiername`, `createtime`, `modifytime`, `ts`) VALUES ('78b2e2aa-7f35-43e5-9b51-fec512f42af7', '1', '', 'MaterialClass', '物料分类', 'sys', '\0', '5bd60c1d-ffb3-46de-84ae-9d996d007e9f', NULL, NULL, NULL, '超级系统管理员', NULL, '2019-06-12 20:57:24', NULL, '2019-06-12 20:57:24');
INSERT INTO `stock_admin`.`yy_enumdata_sub` (`uuid`, `status`, `description`, `enumdatakey`, `enumdataname`, `icon`, `isdefault`, `showorder`, `enumdataid`, `creator`, `modifier`, `create_time`, `modify_time`, `creatorname`, `modifiername`, `createtime`, `modifytime`, `ts`) VALUES ('45c32e9d-37e7-499a-9a5c-c389571cddd8', '1', NULL, '10', '焊接', NULL, '\0', NULL, '8952ca98-2b23-4c85-a318-6002251bbe6b', '5bd60c1d-ffb3-46de-84ae-9d996d007e9f', NULL, NULL, NULL, '超级系统管理员', NULL, '2019-06-12 20:59:20', NULL, '2019-06-12 20:59:20');
INSERT INTO `stock_admin`.`yy_enumdata_sub` (`uuid`, `status`, `description`, `enumdatakey`, `enumdataname`, `icon`, `isdefault`, `showorder`, `enumdataid`, `creator`, `modifier`, `create_time`, `modify_time`, `creatorname`, `modifiername`, `createtime`, `modifytime`, `ts`) VALUES ('ee2cd57d-8b19-4d92-b5a9-4e9c40431d45', '1', NULL, '30', '完工', NULL, '\0', NULL, '8952ca98-2b23-4c85-a318-6002251bbe6b', '5bd60c1d-ffb3-46de-84ae-9d996d007e9f', NULL, NULL, NULL, '超级系统管理员', NULL, '2019-06-12 20:59:20', NULL, '2019-06-12 20:59:20');
INSERT INTO `stock_admin`.`yy_enumdata_sub` (`uuid`, `status`, `description`, `enumdatakey`, `enumdataname`, `icon`, `isdefault`, `showorder`, `enumdataid`, `creator`, `modifier`, `create_time`, `modify_time`, `creatorname`, `modifiername`, `createtime`, `modifytime`, `ts`) VALUES ('f39382f2-174b-49de-9640-e97d510d5467', '1', NULL, '20', '装修', NULL, '\0', NULL, '8952ca98-2b23-4c85-a318-6002251bbe6b', '5bd60c1d-ffb3-46de-84ae-9d996d007e9f', NULL, NULL, NULL, '超级系统管理员', NULL, '2019-06-12 20:59:20', NULL, '2019-06-12 20:59:20');
INSERT INTO `stock_admin`.`yy_enumdata_sub` (`uuid`, `status`, `description`, `enumdatakey`, `enumdataname`, `icon`, `isdefault`, `showorder`, `enumdataid`, `creator`, `modifier`, `create_time`, `modify_time`, `creatorname`, `modifiername`, `createtime`, `modifytime`, `ts`) VALUES ('18c7c716-fbde-4f69-a6c5-20f35a767777', '1', NULL, '10', '五金配件', NULL, '\0', '1', '78b2e2aa-7f35-43e5-9b51-fec512f42af7', '5bd60c1d-ffb3-46de-84ae-9d996d007e9f', NULL, NULL, NULL, '超级系统管理员', NULL, '2019-06-12 20:57:24', NULL, '2019-06-12 20:57:24');
INSERT INTO `stock_admin`.`yy_enumdata_sub` (`uuid`, `status`, `description`, `enumdatakey`, `enumdataname`, `icon`, `isdefault`, `showorder`, `enumdataid`, `creator`, `modifier`, `create_time`, `modify_time`, `creatorname`, `modifiername`, `createtime`, `modifytime`, `ts`) VALUES ('291787c9-0a9c-4cc5-95e5-96d6ad21aaca', '1', NULL, '40', '给排水', NULL, '\0', '4', '78b2e2aa-7f35-43e5-9b51-fec512f42af7', '5bd60c1d-ffb3-46de-84ae-9d996d007e9f', NULL, NULL, NULL, '超级系统管理员', NULL, '2019-06-12 20:57:24', NULL, '2019-06-12 20:57:24');
INSERT INTO `stock_admin`.`yy_enumdata_sub` (`uuid`, `status`, `description`, `enumdatakey`, `enumdataname`, `icon`, `isdefault`, `showorder`, `enumdataid`, `creator`, `modifier`, `create_time`, `modify_time`, `creatorname`, `modifiername`, `createtime`, `modifytime`, `ts`) VALUES ('29e8e4ef-f908-4f7d-9155-9283036e75e5', '1', NULL, '20', 'MAS拉取物料', NULL, '\0', '2', '78b2e2aa-7f35-43e5-9b51-fec512f42af7', '5bd60c1d-ffb3-46de-84ae-9d996d007e9f', NULL, NULL, NULL, '超级系统管理员', NULL, '2019-06-12 20:57:24', NULL, '2019-06-12 20:57:24');
INSERT INTO `stock_admin`.`yy_enumdata_sub` (`uuid`, `status`, `description`, `enumdatakey`, `enumdataname`, `icon`, `isdefault`, `showorder`, `enumdataid`, `creator`, `modifier`, `create_time`, `modify_time`, `creatorname`, `modifiername`, `createtime`, `modifytime`, `ts`) VALUES ('cc1848d4-5742-4649-86ff-3b8cf9cde062', '1', NULL, '50', '化工类', NULL, '\0', '5', '78b2e2aa-7f35-43e5-9b51-fec512f42af7', '5bd60c1d-ffb3-46de-84ae-9d996d007e9f', NULL, NULL, NULL, '超级系统管理员', NULL, '2019-06-12 20:57:24', NULL, '2019-06-12 20:57:24');
INSERT INTO `stock_admin`.`yy_enumdata_sub` (`uuid`, `status`, `description`, `enumdatakey`, `enumdataname`, `icon`, `isdefault`, `showorder`, `enumdataid`, `creator`, `modifier`, `create_time`, `modify_time`, `creatorname`, `modifiername`, `createtime`, `modifytime`, `ts`) VALUES ('fc0974b4-65f2-4779-9760-13a46ed5bf1d', '1', NULL, '30', '隔热保温', NULL, '\0', '3', '78b2e2aa-7f35-43e5-9b51-fec512f42af7', '5bd60c1d-ffb3-46de-84ae-9d996d007e9f', NULL, NULL, NULL, '超级系统管理员', NULL, '2019-06-12 20:57:24', NULL, '2019-06-12 20:57:24');



INSERT INTO `stock_admin`.`yy_func` (`uuid`, `status`, `create_ts`, `creator`, `modifier`, `modify_ts`, `nodepath`, `auth_type`, `description`, `fun_css`, `func_code`, `func_name`, `func_type`, `func_url`, `help_code`, `hint`, `iconcls`, `islast`, `parentid`, `permission_code`, `showorder`, `sys`, `create_time`, `modify_time`, `createtime`, `creatorname`, `modifiername`, `modifytime`, `usestatus`, `ts`) VALUES ('5fd9072a-7c2a-47e5-a808-176708e0de5d', '1', NULL, '5bd60c1d-ffb3-46de-84ae-9d996d007e9f', NULL, NULL, 'root,79f79877-5599-4b52-9e3c-e22307630fb8,5fd9072a-7c2a-47e5-a808-176708e0de5d', NULL, '', NULL, '5080', '设备列表', 'func', '@ctx@/info/device/list', NULL, NULL, '', '', '79f79877-5599-4b52-9e3c-e22307630fb8', NULL, NULL, '\0', NULL, NULL, '2019-06-13 20:54:29', '超级系统管理员', NULL, NULL, '1', '2019-06-13 20:54:29');
INSERT INTO `stock_admin`.`yy_role_func` (`uuid`, `status`, `func_id`, `role_id`, `create_time`, `creator`, `modifier`, `modify_time`, `createtime`, `creatorname`, `modifiername`, `modifytime`, `ts`) VALUES ('6b91aefb-6f37-473f-93f9-9069cc809f91', '1', '5fd9072a-7c2a-47e5-a808-176708e0de5d', 'ae39aea9-d683-4850-b557-e6d6c406201f', NULL, '5bd60c1d-ffb3-46de-84ae-9d996d007e9f', NULL, NULL, '2019-06-13 20:55:22', '超级系统管理员', NULL, NULL, '2019-06-13 20:55:22');
INSERT INTO `stock_admin`.`yy_func` (`uuid`, `status`, `create_ts`, `creator`, `modifier`, `modify_ts`, `nodepath`, `auth_type`, `description`, `fun_css`, `func_code`, `func_name`, `func_type`, `func_url`, `help_code`, `hint`, `iconcls`, `islast`, `parentid`, `permission_code`, `showorder`, `sys`, `create_time`, `modify_time`, `createtime`, `creatorname`, `modifiername`, `modifytime`, `usestatus`, `ts`) VALUES ('6cab15bb-cbc5-49ea-963a-1b5e007fde9a', '1', NULL, '5bd60c1d-ffb3-46de-84ae-9d996d007e9f', NULL, NULL, 'root,4fe2a33b-85d2-43bc-9fae-f7d8c87dcfd6,ddb7a5f2-2591-4450-96a7-84673a1ddf5e,6cab15bb-cbc5-49ea-963a-1b5e007fde9a', NULL, '', NULL, '901098', '映射表', 'func', '@ctx@/info/mappingTable', NULL, NULL, '', '', 'ddb7a5f2-2591-4450-96a7-84673a1ddf5e', NULL, NULL, '\0', NULL, NULL, '2019-06-13 21:01:56', '超级系统管理员', NULL, NULL, '1', '2019-06-13 21:01:56');
INSERT INTO `stock_admin`.`yy_role_func` (`uuid`, `status`, `func_id`, `role_id`, `create_time`, `creator`, `modifier`, `modify_time`, `createtime`, `creatorname`, `modifiername`, `modifytime`, `ts`) VALUES ('5759e4b8-16e9-47bd-9003-996b63d979ee', '1', '6cab15bb-cbc5-49ea-963a-1b5e007fde9a', 'ae39aea9-d683-4850-b557-e6d6c406201f', NULL, '5bd60c1d-ffb3-46de-84ae-9d996d007e9f', NULL, NULL, '2019-06-13 21:02:12', '超级系统管理员', NULL, NULL, '2019-06-13 21:02:12');






